% PRELIMINARY DATA - SUBJECT TO CHANGE WITHOUT NOTICE - NOT YET PEER REVIEWED
% 
%%%%%%%
% 
% This file is based on the new high-resolution Berkeley Earth global temperature
% data set.  It expands upon the previous Berkeley Earth temperature data set by
% including predictive structures based on historical weather patterns and 
% increasing the underlying resolution to 0.25Â° x 0.25Â° latitude-longitude.
% Files based on this new data set are being provided as part of an early preview
% to aid in the identification of any remaining bugs or errors.  While, we 
% believe the current data set to be accurate and useful, it is still in 
% development and substantial revisions remain possible if significant issues
% are identified.
% 
%%%%%%%
% 
% This file contains a detailed summary of the changes in Earth's global average
% surface temperature estimated by combining the new high-resolution Berkeley Earth
% land-surface temperature field with a reinterpolated version of the HadSST4 
% ocean temperature field.  
% 
% As a preliminary data product, no citation for this work currently exists.
% 
% This global data product merges land-surface air temperatures with ocean sea surface
% water temperatures.  For most of the ocean, sea surface temperatures are similar 
% to near-surface air temperatures; however, air temperatures above sea ice can 
% differ substantially from the water below the sea ice.  In sea ice regions, 
% temperature anomalies are extrapolated from the land-surface air temperatures 
% when ice is present, and from the ocean temperatures when ice is absent.
% 
% The percent coverage of sea ice was taken from the HadISST v2 dataset and varies 
% by month and location.  In the typical month, between 3.5% and 5.5% of the 
% Earth's surface is covered with sea ice. For more information on the processing 
% and use of HadISST and HadSST refer to the description file for the combined 
% gridded data product. 
% 
% Temperature data contributing to this analysis include (but are not limited to): 
% 
% GHCN-Monhtly v4, Menne et al. 2018, https://doi.org/10.1175/JCLI-D-18-0094.1
% Global Summary of the Day, https://www.ncei.noaa.gov/products/global-summary-day
% MET-Reader, Scientific Committee for Antaractic Research, British Antarctic Survey,
%    https://legacy.bas.ac.uk/met/READER/
% HADSST4, Kennedy et al. 2019, https://doi.org/10.1029/2018JD029867
% 
% Ice mask data comes from: 
% 
% HadISST2, Titcher and Rayner 2014, https://doi.org/10.1002/2013JD020316
% Sea Ice Index, NSIDC, https://nsidc.org/data/g02135/versions/3
% 
% High-resolution downscaling algorithms were trained using high-resolution data,
% though none of this data is used directly in the reconstruction.  High-resolution
% datasets used in training include:
% 
% ERA5 from the Copernicus Climate Change Service, Hersbach et al. (2018), 
%    http://doi.org/10.24381/cds.adbb2d47
%    https://cds.climate.copernicus.eu/cdsapp#!/dataset/reanalysis-era5-single-levels
% 
% The above list of data sources is only a partial list.  For a more complete
% set of references please refer to Berkeley Earth's previous description papers.
% 
% 
% Temperatures are in Celsius and reported as anomalies 
% relative to the Jan 1951-Dec 1980 average. Uncertainties represent the 95% confidence 
% interval for statistical and spatial undersampling effects as well as ocean biases.
% 
% 
% The land analysis was run on 06-May-2026 19:33:39
% The ocean analysis was published on 22-Apr-2026 17:46:21
% 
% The land component is based on 58151 time series 
%   with 23593230 monthly data points
% 
% The ocean component is based on 501785191 instantaneous 
%   water temperature observations
%
% Estimated Jan 1951-Dec 1980 global mean temperature (Â°C):
%    14.108 +/- 0.0000.0000.0000.0000.0000.0000.0000.0000.0000.000
% 
% As Earth's land is not distributed symmetrically about the equator, there
% exists a mean seasonality to the global average temperature.  
% 
% Estimated Jan 1951-Dec 1980 monthly absolute temperature:
%      Jan   Feb   Mar   Apr   May   Jun   Jul   Aug   Sep   Oct   Nov   Dec
%     12.27 12.48 13.11 14.04 14.98 15.63 15.88 15.73 15.16 14.24 13.25 12.54
% +/-  0.00  0.00  0.00  0.00  0.00  0.00  0.00  0.00  0.00  0.00  0.00  0.00% +/-  0.00  0.00  0.00  0.00  0.00  0.00  0.00  0.00  0.00  0.00  0.00  0.00% +/-  0.00  0.00  0.00  0.00  0.00  0.00  0.00  0.00  0.00  0.00  0.00  0.00% +/-  0.00  0.00  0.00  0.00  0.00  0.00  0.00  0.00  0.00  0.00  0.00  0.00% +/-  0.00  0.00  0.00  0.00  0.00  0.00  0.00  0.00  0.00  0.00  0.00  0.00% +/-  0.00  0.00  0.00  0.00  0.00  0.00  0.00  0.00  0.00  0.00  0.00  0.00% +/-  0.00  0.00  0.00  0.00  0.00  0.00  0.00  0.00  0.00  0.00  0.00  0.00% +/-  0.00  0.00  0.00  0.00  0.00  0.00  0.00  0.00  0.00  0.00  0.00  0.00% +/-  0.00  0.00  0.00  0.00  0.00  0.00  0.00  0.00  0.00  0.00  0.00  0.00% +/-  0.00  0.00  0.00  0.00  0.00  0.00  0.00  0.00  0.00  0.00  0.00  0.00
% 
% For each month, we report the estimated global surface temperature anomaly 
% for that month and its uncertainty.  We also report the corresponding values 
% for 12-month, five-year, ten-year, and twenty-year moving averages CENTERED about 
% that month (rounding down if the center is in between months).  For example, 
% the annual average from January to December 1950 is reported at June 1950. 
% 
%                  Monthly          Annual          Five-year        Ten-year        Twenty-year
% Year, Month,  Anomaly, Unc.,   Anomaly, Unc.,   Anomaly, Unc.,   Anomaly, Unc.,   Anomaly, Unc.
 
  1850     1    -0.367  0.593       NaN    NaN       NaN    NaN       NaN    NaN       NaN    NaN
  1850     2    -0.421  0.496       NaN    NaN       NaN    NaN       NaN    NaN       NaN    NaN
  1850     3    -0.234  0.451       NaN    NaN       NaN    NaN       NaN    NaN       NaN    NaN
  1850     4    -0.761  0.417       NaN    NaN       NaN    NaN       NaN    NaN       NaN    NaN
  1850     5    -0.291  0.413       NaN    NaN       NaN    NaN       NaN    NaN       NaN    NaN
  1850     6    -0.267  0.211    -0.321  0.321       NaN    NaN       NaN    NaN       NaN    NaN
  1850     7    -0.191  0.307    -0.323  0.294       NaN    NaN       NaN    NaN       NaN    NaN
  1850     8    -0.191  0.329    -0.313  0.297       NaN    NaN       NaN    NaN       NaN    NaN
  1850     9    -0.284  0.353    -0.322  0.294       NaN    NaN       NaN    NaN       NaN    NaN
  1850    10    -0.244  0.391    -0.308  0.276       NaN    NaN       NaN    NaN       NaN    NaN
  1850    11    -0.131  0.441    -0.306  0.252       NaN    NaN       NaN    NaN       NaN    NaN
  1850    12    -0.466  0.516    -0.295  0.250       NaN    NaN       NaN    NaN       NaN    NaN
  1851     1    -0.391  0.440    -0.289  0.233       NaN    NaN       NaN    NaN       NaN    NaN
  1851     2    -0.304  0.404    -0.298  0.221       NaN    NaN       NaN    NaN       NaN    NaN
  1851     3    -0.339  0.517    -0.288  0.219       NaN    NaN       NaN    NaN       NaN    NaN
  1851     4    -0.596  0.209    -0.275  0.215       NaN    NaN       NaN    NaN       NaN    NaN
  1851     5    -0.264  0.192    -0.277  0.214       NaN    NaN       NaN    NaN       NaN    NaN
  1851     6    -0.139  0.291    -0.248  0.186       NaN    NaN       NaN    NaN       NaN    NaN
  1851     7    -0.122  0.206    -0.239  0.197       NaN    NaN       NaN    NaN       NaN    NaN
  1851     8    -0.291  0.249    -0.239  0.197       NaN    NaN       NaN    NaN       NaN    NaN
  1851     9    -0.168  0.369    -0.256  0.193       NaN    NaN       NaN    NaN       NaN    NaN
  1851    10    -0.085  0.455    -0.243  0.203       NaN    NaN       NaN    NaN       NaN    NaN
  1851    11    -0.157  0.419    -0.233  0.219       NaN    NaN       NaN    NaN       NaN    NaN
  1851    12    -0.121  0.392    -0.234  0.235       NaN    NaN       NaN    NaN       NaN    NaN
  1852     1    -0.283  0.423    -0.227  0.239       NaN    NaN       NaN    NaN       NaN    NaN
  1852     2    -0.307  0.316    -0.216  0.234       NaN    NaN       NaN    NaN       NaN    NaN
  1852     3    -0.538  0.389    -0.208  0.237       NaN    NaN       NaN    NaN       NaN    NaN
  1852     4    -0.444  0.430    -0.212  0.212       NaN    NaN       NaN    NaN       NaN    NaN
  1852     5    -0.147  0.306    -0.196  0.188       NaN    NaN       NaN    NaN       NaN    NaN
  1852     6    -0.148  0.364    -0.207  0.165    -0.238  0.172       NaN    NaN       NaN    NaN
  1852     7    -0.042  0.249    -0.214  0.144    -0.235  0.165       NaN    NaN       NaN    NaN
  1852     8    -0.151  0.188    -0.203  0.136    -0.228  0.162       NaN    NaN       NaN    NaN
  1852     9    -0.075  0.225    -0.180  0.141    -0.224  0.157       NaN    NaN       NaN    NaN
  1852    10    -0.133  0.306    -0.150  0.137    -0.212  0.152       NaN    NaN       NaN    NaN
  1852    11     0.033  0.242    -0.154  0.139    -0.210  0.147       NaN    NaN       NaN    NaN
  1852    12    -0.247  0.236    -0.147  0.132    -0.208  0.146       NaN    NaN       NaN    NaN
  1853     1    -0.367  0.340    -0.150  0.132    -0.210  0.144       NaN    NaN       NaN    NaN
  1853     2    -0.182  0.354    -0.156  0.128    -0.208  0.142       NaN    NaN       NaN    NaN
  1853     3    -0.255  0.239    -0.167  0.141    -0.205  0.141       NaN    NaN       NaN    NaN
  1853     4    -0.092  0.270    -0.181  0.169    -0.201  0.139       NaN    NaN       NaN    NaN
  1853     5    -0.186  0.363    -0.218  0.177    -0.201  0.137       NaN    NaN       NaN    NaN
  1853     6    -0.066  0.417    -0.208  0.212    -0.197  0.132       NaN    NaN       NaN    NaN
  1853     7    -0.076  0.304    -0.211  0.230    -0.195  0.129       NaN    NaN       NaN    NaN
  1853     8    -0.220  0.210    -0.235  0.214    -0.193  0.126       NaN    NaN       NaN    NaN
  1853     9    -0.208  0.245    -0.227  0.207    -0.188  0.122       NaN    NaN       NaN    NaN
  1853    10    -0.305  0.404    -0.228  0.207    -0.186  0.121       NaN    NaN       NaN    NaN
  1853    11    -0.408  0.425    -0.248  0.196    -0.184  0.119       NaN    NaN       NaN    NaN
  1853    12    -0.128  0.500    -0.266  0.184    -0.184  0.117       NaN    NaN       NaN    NaN
  1854     1    -0.403  0.438    -0.275  0.177    -0.185  0.116       NaN    NaN       NaN    NaN
  1854     2    -0.478  0.312    -0.261  0.178    -0.185  0.117       NaN    NaN       NaN    NaN
  1854     3    -0.150  0.170    -0.245  0.154    -0.189  0.118       NaN    NaN       NaN    NaN
  1854     4    -0.109  0.223    -0.229  0.139    -0.192  0.116       NaN    NaN       NaN    NaN
  1854     5    -0.421  0.283    -0.205  0.146    -0.196  0.112       NaN    NaN       NaN    NaN
  1854     6    -0.283  0.346    -0.209  0.123    -0.204  0.114       NaN    NaN       NaN    NaN
  1854     7    -0.184  0.252    -0.190  0.116    -0.208  0.111       NaN    NaN       NaN    NaN
  1854     8    -0.050  0.244    -0.148  0.112    -0.212  0.110       NaN    NaN       NaN    NaN
  1854     9    -0.023  0.215    -0.134  0.119    -0.211  0.109       NaN    NaN       NaN    NaN
  1854    10    -0.110  0.286    -0.131  0.129    -0.213  0.108       NaN    NaN       NaN    NaN
  1854    11    -0.117  0.304    -0.108  0.117    -0.217  0.105       NaN    NaN       NaN    NaN
  1854    12    -0.175  0.372    -0.096  0.119    -0.220  0.103    -0.254  0.121       NaN    NaN
  1855     1    -0.180  0.381    -0.108  0.120    -0.226  0.103    -0.253  0.118       NaN    NaN
  1855     2     0.028  0.330    -0.112  0.128    -0.229  0.104    -0.251  0.118       NaN    NaN
  1855     3     0.013  0.330    -0.119  0.135    -0.232  0.106    -0.250  0.116       NaN    NaN
  1855     4    -0.070  0.367    -0.111  0.125    -0.234  0.108    -0.244  0.114       NaN    NaN
  1855     5    -0.147  0.314    -0.112  0.132    -0.239  0.108    -0.242  0.112       NaN    NaN
  1855     6    -0.142  0.216    -0.116  0.140    -0.238  0.108    -0.242  0.113       NaN    NaN
  1855     7    -0.322  0.243    -0.122  0.158    -0.241  0.108    -0.242  0.112       NaN    NaN
  1855     8    -0.103  0.277    -0.141  0.156    -0.243  0.109    -0.244  0.110       NaN    NaN
  1855     9    -0.107  0.276    -0.146  0.166    -0.240  0.110    -0.243  0.111       NaN    NaN
  1855    10    -0.005  0.191    -0.175  0.158    -0.244  0.107    -0.243  0.111       NaN    NaN
  1855    11    -0.135  0.225    -0.176  0.151    -0.247  0.108    -0.244  0.110       NaN    NaN
  1855    12    -0.223  0.397    -0.176  0.140    -0.252  0.104    -0.243  0.111       NaN    NaN
  1856     1    -0.247  0.413    -0.163  0.159    -0.253  0.102    -0.242  0.111       NaN    NaN
  1856     2    -0.209  0.309    -0.181  0.155    -0.253  0.102    -0.246  0.109       NaN    NaN
  1856     3    -0.043  0.472    -0.207  0.144    -0.255  0.103    -0.246  0.110       NaN    NaN
  1856     4    -0.424  0.226    -0.229  0.146    -0.254  0.101    -0.240  0.112       NaN    NaN
  1856     5    -0.151  0.233    -0.247  0.160    -0.253  0.102    -0.241  0.114       NaN    NaN
  1856     6    -0.145  0.394    -0.282  0.163    -0.259  0.102    -0.241  0.113       NaN    NaN
  1856     7    -0.169  0.287    -0.303  0.159    -0.261  0.103    -0.242  0.111       NaN    NaN
  1856     8    -0.318  0.317    -0.330  0.198    -0.259  0.106    -0.242  0.112       NaN    NaN
  1856     9    -0.419  0.231    -0.368  0.226    -0.262  0.107    -0.242  0.114       NaN    NaN
  1856    10    -0.267  0.356    -0.381  0.226    -0.261  0.107    -0.244  0.113       NaN    NaN
  1856    11    -0.354  0.459    -0.398  0.235    -0.255  0.105    -0.243  0.111       NaN    NaN
  1856    12    -0.642  0.645    -0.413  0.214    -0.251  0.103    -0.246  0.113       NaN    NaN
  1857     1    -0.497  0.421    -0.434  0.203    -0.254  0.103    -0.249  0.111       NaN    NaN
  1857     2    -0.526  0.268    -0.434  0.198    -0.256  0.105    -0.251  0.109       NaN    NaN
  1857     3    -0.500  0.419    -0.423  0.194    -0.263  0.106    -0.251  0.109       NaN    NaN
  1857     4    -0.588  0.306    -0.419  0.173    -0.264  0.103    -0.250  0.107       NaN    NaN
  1857     5    -0.347  0.347    -0.413  0.160    -0.266  0.099    -0.251  0.105       NaN    NaN
  1857     6    -0.327  0.312    -0.377  0.145    -0.270  0.100    -0.252  0.104       NaN    NaN
  1857     7    -0.417  0.224    -0.380  0.134    -0.271  0.103    -0.255  0.105       NaN    NaN
  1857     8    -0.320  0.264    -0.361  0.136    -0.274  0.105    -0.257  0.104       NaN    NaN
  1857     9    -0.288  0.298    -0.324  0.142    -0.275  0.107    -0.258  0.103       NaN    NaN
  1857    10    -0.227  0.281    -0.302  0.136    -0.276  0.107    -0.258  0.104       NaN    NaN
  1857    11    -0.281  0.297    -0.307  0.131    -0.275  0.104    -0.262  0.104       NaN    NaN
  1857    12    -0.209  0.521    -0.309  0.123    -0.275  0.104    -0.266  0.106       NaN    NaN
  1858     1    -0.533  0.257    -0.285  0.127    -0.275  0.107    -0.267  0.106       NaN    NaN
  1858     2    -0.291  0.370    -0.279  0.135    -0.280  0.106    -0.269  0.104       NaN    NaN
  1858     3    -0.058  0.443    -0.282  0.133    -0.281  0.104    -0.269  0.105       NaN    NaN
  1858     4    -0.330  0.183    -0.280  0.135    -0.285  0.106    -0.270  0.104       NaN    NaN
  1858     5    -0.406  0.220    -0.290  0.134    -0.286  0.105    -0.270  0.105       NaN    NaN
  1858     6    -0.345  0.289    -0.308  0.145    -0.289  0.106    -0.273  0.102       NaN    NaN
  1858     7    -0.138  0.281    -0.308  0.161    -0.290  0.109    -0.276  0.102       NaN    NaN
  1858     8    -0.241  0.232    -0.314  0.157    -0.299  0.109    -0.278  0.103       NaN    NaN
  1858     9    -0.330  0.246    -0.336  0.137    -0.303  0.115    -0.280  0.104       NaN    NaN
  1858    10    -0.202  0.180    -0.316  0.146    -0.295  0.117    -0.281  0.102       NaN    NaN
  1858    11    -0.396  0.349    -0.285  0.141    -0.297  0.122    -0.280  0.102       NaN    NaN
  1858    12    -0.431  0.408    -0.259  0.144    -0.297  0.121    -0.281  0.100       NaN    NaN
  1859     1    -0.526  0.295    -0.278  0.150    -0.300  0.117    -0.281  0.100       NaN    NaN
  1859     2    -0.365  0.298    -0.275  0.149    -0.298  0.118    -0.282  0.100       NaN    NaN
  1859     3    -0.325  0.308    -0.283  0.138    -0.294  0.120    -0.284  0.100       NaN    NaN
  1859     4    -0.090  0.258    -0.281  0.134    -0.296  0.118    -0.288  0.098       NaN    NaN
  1859     5    -0.035  0.235    -0.269  0.121    -0.290  0.116    -0.287  0.097       NaN    NaN
  1859     6    -0.030  0.208    -0.265  0.103    -0.288  0.118    -0.285  0.095       NaN    NaN
  1859     7    -0.369  0.201    -0.242  0.109    -0.289  0.120    -0.284  0.095       NaN    NaN
  1859     8    -0.195  0.332    -0.225  0.118    -0.291  0.118    -0.287  0.096       NaN    NaN
  1859     9    -0.434  0.183    -0.204  0.126    -0.291  0.119    -0.289  0.097       NaN    NaN
  1859    10    -0.178  0.211    -0.203  0.124    -0.287  0.117    -0.290  0.097       NaN    NaN
  1859    11    -0.253  0.296    -0.207  0.127    -0.285  0.116    -0.290  0.097       NaN    NaN
  1859    12    -0.383  0.329    -0.220  0.130    -0.284  0.116    -0.291  0.097    -0.236  0.104
  1860     1    -0.250  0.390    -0.215  0.142    -0.284  0.117    -0.291  0.098    -0.236  0.103
  1860     2    -0.153  0.449    -0.230  0.117    -0.284  0.114    -0.291  0.099    -0.235  0.103
  1860     3    -0.072  0.462    -0.209  0.120    -0.284  0.112    -0.291  0.101    -0.235  0.102
  1860     4    -0.082  0.206    -0.214  0.135    -0.282  0.111    -0.291  0.100    -0.231  0.102
  1860     5    -0.082  0.250    -0.212  0.149    -0.284  0.110    -0.291  0.100    -0.231  0.101
  1860     6    -0.191  0.256    -0.213  0.171    -0.293  0.111    -0.290  0.102    -0.230  0.102
  1860     7    -0.300  0.354    -0.215  0.158    -0.292  0.112    -0.286  0.102    -0.230  0.101
  1860     8    -0.379  0.230    -0.265  0.137    -0.295  0.109    -0.286  0.102    -0.230  0.101
  1860     9    -0.179  0.232    -0.282  0.147    -0.298  0.108    -0.284  0.101    -0.230  0.102
  1860    10    -0.242  0.259    -0.272  0.161    -0.295  0.109    -0.285  0.099    -0.230  0.103
  1860    11    -0.234  0.423    -0.290  0.189    -0.293  0.111    -0.284  0.098    -0.231  0.103
  1860    12    -0.392  0.337    -0.286  0.200    -0.293  0.111    -0.283  0.095    -0.231  0.102
  1861     1    -0.276  0.251    -0.287  0.178    -0.298  0.117    -0.282  0.093    -0.230  0.101
  1861     2    -0.753  0.444    -0.275  0.198    -0.303  0.117    -0.282  0.092    -0.230  0.101
  1861     3    -0.275  0.422    -0.275  0.210    -0.306  0.117    -0.283  0.090    -0.229  0.100
  1861     4     0.038  0.323    -0.284  0.210    -0.308  0.117    -0.282  0.088    -0.227  0.100
  1861     5    -0.298  0.603    -0.263  0.199    -0.306  0.114    -0.286  0.088    -0.225  0.100
  1861     6    -0.141  0.527    -0.275  0.200    -0.303  0.112    -0.286  0.087    -0.225  0.099
  1861     7    -0.312  0.335    -0.301  0.196    -0.302  0.112    -0.285  0.086    -0.225  0.099
  1861     8    -0.239  0.375    -0.290  0.181    -0.305  0.112    -0.284  0.084    -0.224  0.099
  1861     9    -0.182  0.291    -0.309  0.175    -0.307  0.111    -0.283  0.085    -0.225  0.100
  1861    10    -0.346  0.270    -0.341  0.167    -0.315  0.106    -0.282  0.082    -0.225  0.100
  1861    11     0.014  0.502    -0.336  0.139    -0.318  0.103    -0.278  0.082    -0.225  0.099
  1861    12    -0.533  0.461    -0.348  0.143    -0.319  0.103    -0.271  0.084    -0.225  0.099
  1862     1    -0.584  0.499    -0.354  0.153    -0.315  0.104    -0.269  0.085    -0.225  0.099
  1862     2    -0.618  0.294    -0.363  0.137    -0.318  0.103    -0.268  0.086    -0.224  0.099
  1862     3    -0.513  0.294    -0.370  0.129    -0.315  0.103    -0.265  0.088    -0.223  0.098
  1862     4    -0.336  0.189    -0.349  0.144    -0.316  0.106    -0.263  0.087    -0.222  0.098
  1862     5    -0.240  0.379    -0.386  0.146    -0.314  0.107    -0.262  0.088    -0.222  0.097
  1862     6    -0.287  0.345    -0.404  0.140    -0.313  0.107    -0.262  0.088    -0.222  0.097
  1862     7    -0.388  0.222    -0.396  0.151    -0.310  0.102    -0.261  0.090    -0.222  0.096
  1862     8    -0.346  0.338    -0.383  0.169    -0.308  0.101    -0.262  0.088    -0.221  0.096
  1862     9    -0.262  0.320    -0.360  0.174    -0.307  0.102    -0.261  0.088    -0.221  0.096
  1862    10    -0.094  0.245    -0.345  0.177    -0.307  0.101    -0.260  0.090    -0.222  0.097
  1862    11    -0.434  0.323    -0.345  0.178    -0.308  0.104    -0.259  0.092    -0.223  0.097
  1862    12    -0.744  0.430    -0.354  0.158    -0.305  0.106    -0.261  0.091    -0.223  0.097
  1863     1    -0.488  0.421    -0.357  0.164    -0.297  0.108    -0.259  0.094    -0.222  0.098
  1863     2    -0.464  0.242    -0.371  0.161    -0.291  0.109    -0.259  0.095    -0.222  0.097
  1863     3    -0.239  0.502    -0.391  0.165    -0.287  0.110    -0.259  0.094    -0.222  0.097
  1863     4    -0.154  0.399    -0.414  0.159    -0.286  0.105    -0.256  0.096    -0.222  0.097
  1863     5    -0.236  0.309    -0.398  0.166    -0.282  0.104    -0.253  0.098    -0.222  0.097
  1863     6    -0.397  0.328    -0.356  0.179    -0.277  0.096    -0.251  0.100    -0.223  0.096
  1863     7    -0.424  0.400    -0.356  0.184    -0.274  0.089    -0.250  0.102    -0.224  0.096
  1863     8    -0.521  0.424    -0.361  0.190    -0.265  0.086    -0.249  0.101    -0.223  0.096
  1863     9    -0.497  0.390    -0.381  0.200    -0.264  0.076    -0.246  0.101    -0.223  0.097
  1863    10    -0.370  0.331    -0.413  0.184    -0.269  0.070    -0.243  0.102    -0.223  0.096
  1863    11    -0.241  0.520    -0.414  0.180    -0.274  0.067    -0.240  0.101    -0.223  0.095
  1863    12    -0.244  0.414    -0.389  0.172    -0.274  0.071    -0.235  0.101    -0.222  0.094
  1864     1    -0.483  0.354    -0.362  0.151    -0.271  0.073    -0.231  0.100    -0.221  0.093
  1864     2    -0.530  0.344    -0.350  0.139    -0.269  0.069    -0.227  0.099    -0.221  0.093
  1864     3    -0.475  0.275    -0.330  0.140    -0.271  0.067    -0.226  0.098    -0.222  0.093
  1864     4    -0.541  0.450    -0.319  0.142    -0.268  0.064    -0.225  0.097    -0.223  0.093
  1864     5    -0.250  0.360    -0.312  0.145    -0.266  0.068    -0.225  0.096    -0.223  0.093
  1864     6    -0.090  0.321    -0.317  0.146    -0.255  0.066    -0.225  0.096    -0.224  0.093
  1864     7    -0.098  0.242    -0.284  0.133    -0.250  0.069    -0.223  0.096    -0.225  0.094
  1864     8    -0.376  0.243    -0.241  0.157    -0.246  0.074    -0.224  0.095    -0.226  0.095
  1864     9    -0.260  0.381    -0.205  0.158    -0.239  0.078    -0.222  0.095    -0.226  0.096
  1864    10    -0.245  0.349    -0.166  0.185    -0.239  0.082    -0.223  0.093    -0.227  0.096
  1864    11    -0.146  0.296    -0.155  0.208    -0.240  0.084    -0.220  0.094    -0.228  0.096
  1864    12    -0.309  0.334    -0.150  0.228    -0.239  0.083    -0.218  0.096    -0.228  0.096
  1865     1    -0.090  0.402    -0.125  0.238    -0.238  0.086    -0.219  0.095    -0.228  0.098
  1865     2    -0.014  0.508    -0.098  0.231    -0.239  0.084    -0.220  0.094    -0.229  0.098
  1865     3    -0.036  0.484    -0.071  0.221    -0.237  0.084    -0.220  0.094    -0.230  0.098
  1865     4    -0.072  0.536    -0.062  0.215    -0.238  0.090    -0.219  0.094    -0.231  0.098
  1865     5    -0.126  0.435    -0.052  0.229    -0.234  0.096    -0.219  0.096    -0.231  0.097
  1865     6    -0.031  0.452    -0.031  0.207    -0.229  0.095    -0.219  0.096    -0.232  0.097
  1865     7     0.203  0.393    -0.035  0.174    -0.226  0.101    -0.217  0.096    -0.231  0.096
  1865     8    -0.050  0.332    -0.050  0.159    -0.222  0.108    -0.216  0.097    -0.232  0.096
  1865     9     0.061  0.295    -0.062  0.185    -0.219  0.107    -0.217  0.098    -0.232  0.096
  1865    10    -0.130  0.546    -0.078  0.179    -0.216  0.112    -0.218  0.099    -0.232  0.096
  1865    11    -0.029  0.398    -0.119  0.200    -0.214  0.113    -0.218  0.099    -0.232  0.095
  1865    12    -0.055  0.426    -0.131  0.200    -0.209  0.118    -0.218  0.097    -0.232  0.095
  1866     1    -0.146  0.468    -0.155  0.207    -0.202  0.117    -0.218  0.095    -0.232  0.095
  1866     2    -0.186  0.414    -0.163  0.197    -0.195  0.117    -0.214  0.097    -0.233  0.095
  1866     3    -0.187  0.821    -0.193  0.216    -0.187  0.121    -0.212  0.094    -0.233  0.096
  1866     4    -0.262  0.517    -0.197  0.222    -0.178  0.124    -0.213  0.093    -0.233  0.096
  1866     5    -0.622  0.466    -0.183  0.220    -0.174  0.128    -0.210  0.091    -0.234  0.096
  1866     6    -0.169  0.335    -0.166  0.198    -0.167  0.130    -0.210  0.090    -0.235  0.096
  1866     7    -0.090  0.297    -0.177  0.200    -0.159  0.129    -0.208  0.093    -0.235  0.096
  1866     8    -0.140  0.344    -0.195  0.184    -0.149  0.127    -0.207  0.092    -0.235  0.096
  1866     9    -0.305  0.390    -0.189  0.179    -0.144  0.123    -0.207  0.093    -0.234  0.096
  1866    10    -0.175  0.296    -0.194  0.208    -0.135  0.118    -0.206  0.095    -0.234  0.096
  1866    11     0.141  0.500    -0.164  0.235    -0.131  0.118    -0.208  0.097    -0.233  0.096
  1866    12     0.156  0.558    -0.171  0.241    -0.130  0.117    -0.205  0.095    -0.231  0.096
  1867     1    -0.285  0.610    -0.190  0.266    -0.132  0.116    -0.201  0.098    -0.229  0.096
  1867     2    -0.401  0.383    -0.215  0.263    -0.130  0.114    -0.197  0.099    -0.227  0.097
  1867     3    -0.112  0.443    -0.200  0.248    -0.129  0.109    -0.195  0.099    -0.224  0.098
  1867     4    -0.329  0.354    -0.197  0.269    -0.130  0.105    -0.195  0.101    -0.222  0.098
  1867     5    -0.262  0.400    -0.226  0.270    -0.126  0.103    -0.192  0.101    -0.220  0.098
  1867     6    -0.242  0.359    -0.278  0.258    -0.123  0.106    -0.192  0.099    -0.219  0.098
  1867     7    -0.328  0.584    -0.275  0.246    -0.128  0.111    -0.190  0.098    -0.217  0.098
  1867     8    -0.440  0.357    -0.263  0.261    -0.132  0.110    -0.186  0.097    -0.215  0.099
  1867     9    -0.127  0.235    -0.257  0.242    -0.133  0.111    -0.184  0.097    -0.214  0.099
  1867    10    -0.135  0.438    -0.230  0.240    -0.130  0.109    -0.186  0.098    -0.212  0.099
  1867    11    -0.212  0.671    -0.214  0.248    -0.130  0.110    -0.185  0.098    -0.210  0.099
  1867    12    -0.461  0.505    -0.203  0.252    -0.132  0.110    -0.180  0.097    -0.208  0.100
  1868     1    -0.252  0.587    -0.175  0.233    -0.137  0.110    -0.178  0.099    -0.205  0.100
  1868     2    -0.255  0.654    -0.147  0.239    -0.140  0.111    -0.175  0.101    -0.204  0.100
  1868     3    -0.046  0.328    -0.139  0.244    -0.146  0.115    -0.174  0.101    -0.202  0.100
  1868     4     0.005  0.405    -0.113  0.228    -0.149  0.118    -0.175  0.102    -0.199  0.100
  1868     5    -0.076  0.401    -0.099  0.217    -0.153  0.121    -0.175  0.101    -0.198  0.100
  1868     6    -0.108  0.377    -0.045  0.228    -0.159  0.123    -0.174  0.103    -0.197  0.100
  1868     7     0.001  0.313    -0.026  0.199    -0.162  0.125    -0.172  0.102    -0.195  0.101
  1868     8    -0.097  0.173     0.006  0.189    -0.163  0.130    -0.168  0.103    -0.194  0.100
  1868     9    -0.028  0.286    -0.008  0.187    -0.160  0.136    -0.166  0.105    -0.193  0.100
  1868    10     0.170  0.392    -0.009  0.174    -0.157  0.142    -0.166  0.105    -0.192  0.100
  1868    11    -0.047  0.255    -0.000  0.149    -0.146  0.146    -0.165  0.104    -0.191  0.100
  1868    12     0.193  0.343     0.005  0.142    -0.145  0.144    -0.164  0.103    -0.188  0.100
  1869     1    -0.018  0.337    -0.014  0.141    -0.145  0.144    -0.161  0.104    -0.186  0.100
  1869     2     0.122  0.450    -0.026  0.154    -0.145  0.142    -0.160  0.104    -0.185  0.098
  1869     3    -0.213  0.402    -0.043  0.149    -0.143  0.142    -0.160  0.103    -0.184  0.098
  1869     4    -0.006  0.293    -0.081  0.145    -0.144  0.148    -0.159  0.103    -0.183  0.098
  1869     5     0.029  0.247    -0.071  0.152    -0.150  0.144    -0.160  0.104    -0.184  0.098
  1869     6    -0.045  0.307    -0.096  0.176    -0.155  0.139    -0.164  0.105    -0.185  0.099
  1869     7    -0.225  0.458    -0.129  0.154    -0.153  0.140    -0.165  0.107    -0.185  0.099
  1869     8    -0.248  0.239    -0.157  0.147    -0.149  0.138    -0.164  0.109    -0.186  0.099
  1869     9    -0.225  0.145    -0.150  0.134    -0.151  0.133    -0.163  0.109    -0.185  0.100
  1869    10    -0.285  0.256    -0.137  0.128    -0.150  0.134    -0.164  0.110    -0.185  0.100
  1869    11     0.064  0.238    -0.151  0.136    -0.145  0.132    -0.166  0.109    -0.184  0.101
  1869    12    -0.101  0.417    -0.162  0.129    -0.145  0.131    -0.165  0.111    -0.184  0.101
  1870     1    -0.412  0.293    -0.151  0.139    -0.141  0.126    -0.165  0.113    -0.184  0.101
  1870     2    -0.215  0.356    -0.146  0.145    -0.133  0.125    -0.166  0.112    -0.185  0.100
  1870     3    -0.132  0.397    -0.154  0.163    -0.131  0.125    -0.169  0.110    -0.185  0.100
  1870     4     0.146  0.243    -0.159  0.185    -0.133  0.119    -0.171  0.109    -0.186  0.100
  1870     5    -0.137  0.300    -0.185  0.184    -0.136  0.112    -0.171  0.108    -0.186  0.100
  1870     6    -0.173  0.196    -0.210  0.166    -0.131  0.112    -0.173  0.107    -0.186  0.100
  1870     7    -0.100  0.236    -0.203  0.161    -0.130  0.111    -0.176  0.106    -0.186  0.100
  1870     8    -0.185  0.213    -0.205  0.149    -0.129  0.110    -0.178  0.107    -0.185  0.101
  1870     9    -0.323  0.243    -0.196  0.124    -0.130  0.111    -0.179  0.108    -0.186  0.102
  1870    10    -0.343  0.315    -0.217  0.117    -0.133  0.111    -0.178  0.108    -0.186  0.101
  1870    11    -0.249  0.278    -0.198  0.111    -0.136  0.108    -0.179  0.107    -0.185  0.101
  1870    12    -0.399  0.330    -0.196  0.099    -0.138  0.107    -0.182  0.110    -0.183  0.100
  1871     1    -0.321  0.375    -0.194  0.116    -0.142  0.106    -0.183  0.111    -0.183  0.100
  1871     2    -0.240  0.417    -0.191  0.116    -0.142  0.110    -0.184  0.112    -0.179  0.100
  1871     3    -0.030  0.387    -0.180  0.129    -0.145  0.113    -0.183  0.116    -0.179  0.099
  1871     4    -0.100  0.149    -0.170  0.137    -0.154  0.111    -0.183  0.120    -0.179  0.098
  1871     5     0.084  0.333    -0.167  0.133    -0.156  0.107    -0.182  0.119    -0.178  0.097
  1871     6    -0.149  0.233    -0.146  0.122    -0.160  0.107    -0.185  0.119    -0.178  0.096
  1871     7    -0.071  0.321    -0.133  0.140    -0.163  0.106    -0.184  0.119    -0.178  0.097
  1871     8    -0.147  0.266    -0.126  0.149    -0.171  0.105    -0.186  0.120    -0.177  0.097
  1871     9    -0.198  0.310    -0.142  0.153    -0.175  0.104    -0.186  0.120    -0.178  0.096
  1871    10    -0.224  0.274    -0.157  0.169    -0.182  0.106    -0.185  0.123    -0.177  0.096
  1871    11    -0.212  0.216    -0.162  0.168    -0.189  0.107    -0.188  0.122    -0.178  0.097
  1871    12    -0.150  0.279    -0.170  0.169    -0.197  0.108    -0.191  0.123    -0.176  0.097
  1872     1    -0.162  0.487    -0.173  0.164    -0.199  0.112    -0.189  0.120    -0.174  0.097
  1872     2    -0.148  0.403    -0.155  0.152    -0.199  0.116    -0.185  0.121    -0.172  0.097
  1872     3    -0.231  0.290    -0.138  0.139    -0.197  0.118    -0.184  0.122    -0.170  0.096
  1872     4    -0.275  0.273    -0.144  0.127    -0.198  0.121    -0.181  0.123    -0.170  0.096
  1872     5     0.018  0.282    -0.156  0.130    -0.205  0.122    -0.179  0.122    -0.169  0.097
  1872     6    -0.236  0.243    -0.160  0.149    -0.207  0.122    -0.177  0.122    -0.169  0.097
  1872     7    -0.109  0.254    -0.160  0.139    -0.202  0.121    -0.173  0.121    -0.169  0.097
  1872     8     0.067  0.261    -0.162  0.157    -0.201  0.121    -0.169  0.123    -0.168  0.098
  1872     9     0.008  0.240    -0.151  0.161    -0.204  0.118    -0.167  0.124    -0.168  0.098
  1872    10    -0.293  0.183    -0.146  0.163    -0.212  0.117    -0.165  0.122    -0.169  0.099
  1872    11    -0.358  0.313    -0.166  0.159    -0.212  0.114    -0.161  0.119    -0.167  0.099
  1872    12    -0.199  0.289    -0.170  0.170    -0.214  0.113    -0.155  0.121    -0.166  0.098
  1873     1    -0.165  0.308    -0.176  0.173    -0.215  0.112    -0.152  0.118    -0.165  0.099
  1873     2    -0.173  0.428    -0.190  0.190    -0.216  0.113    -0.149  0.118    -0.164  0.100
  1873     3    -0.104  0.379    -0.211  0.201    -0.213  0.113    -0.146  0.118    -0.163  0.099
  1873     4    -0.211  0.265    -0.215  0.196    -0.207  0.109    -0.143  0.118    -0.163  0.099
  1873     5    -0.214  0.264    -0.202  0.182    -0.205  0.108    -0.142  0.116    -0.163  0.098
  1873     6    -0.285  0.310    -0.189  0.178    -0.205  0.111    -0.142  0.114    -0.162  0.099
  1873     7    -0.190  0.221    -0.189  0.179    -0.204  0.113    -0.141  0.113    -0.162  0.099
  1873     8    -0.102  0.325    -0.208  0.183    -0.204  0.113    -0.140  0.114    -0.161  0.099
  1873     9    -0.244  0.352    -0.237  0.165    -0.206  0.115    -0.140  0.114    -0.160  0.099
  1873    10    -0.332  0.254    -0.254  0.176    -0.209  0.119    -0.141  0.114    -0.160  0.099
  1873    11    -0.208  0.317    -0.268  0.164    -0.219  0.118    -0.141  0.113    -0.160  0.100
  1873    12    -0.045  0.275    -0.289  0.158    -0.224  0.119    -0.142  0.114    -0.160  0.101
  1874     1    -0.155  0.431    -0.300  0.174    -0.224  0.117    -0.141  0.113    -0.159  0.101
  1874     2    -0.411  0.447    -0.310  0.172    -0.227  0.120    -0.143  0.112    -0.157  0.100
  1874     3    -0.446  0.229    -0.301  0.165    -0.229  0.122    -0.141  0.111    -0.156  0.100
  1874     4    -0.415  0.330    -0.304  0.159    -0.227  0.123    -0.142  0.111    -0.156  0.100
  1874     5    -0.378  0.226    -0.314  0.172    -0.227  0.126    -0.143  0.112    -0.156  0.101
  1874     6    -0.546  0.243    -0.327  0.184    -0.227  0.129    -0.146  0.113    -0.158  0.101
  1874     7    -0.313  0.448    -0.326  0.191    -0.225  0.122    -0.147  0.114    -0.159  0.102
  1874     8    -0.233  0.363    -0.305  0.187    -0.221  0.128    -0.147  0.114    -0.160  0.102
  1874     9    -0.135  0.273    -0.295  0.175    -0.216  0.132    -0.148  0.116    -0.161  0.102
  1874    10    -0.359  0.292    -0.284  0.171    -0.212  0.132    -0.147  0.117    -0.161  0.102
  1874    11    -0.329  0.315    -0.266  0.162    -0.212  0.132    -0.148  0.117    -0.162  0.102
  1874    12    -0.205  0.323    -0.245  0.161    -0.210  0.134    -0.150  0.116    -0.162  0.102
  1875     1    -0.143  0.379    -0.235  0.147    -0.205  0.133    -0.149  0.116    -0.164  0.102
  1875     2    -0.164  0.301    -0.236  0.132    -0.204  0.139    -0.150  0.115    -0.165  0.101
  1875     3    -0.319  0.235    -0.233  0.138    -0.203  0.140    -0.150  0.114    -0.167  0.101
  1875     4    -0.286  0.265    -0.204  0.145    -0.197  0.141    -0.153  0.115    -0.168  0.100
  1875     5    -0.156  0.277    -0.189  0.144    -0.187  0.144    -0.153  0.114    -0.169  0.100
  1875     6    -0.298  0.283    -0.201  0.135    -0.178  0.144    -0.154  0.114    -0.172  0.100
  1875     7    -0.194  0.218    -0.212  0.117    -0.174  0.140    -0.156  0.114    -0.175  0.100
  1875     8    -0.239  0.168    -0.221  0.133    -0.168  0.138    -0.155  0.115    -0.176  0.100
  1875     9    -0.105  0.250    -0.204  0.124    -0.161  0.137    -0.155  0.116    -0.178  0.100
  1875    10    -0.007  0.284    -0.205  0.150    -0.153  0.137    -0.154  0.114    -0.178  0.100
  1875    11    -0.146  0.267    -0.235  0.152    -0.149  0.135    -0.152  0.114    -0.179  0.099
  1875    12    -0.360  0.300    -0.245  0.151    -0.145  0.133    -0.148  0.114    -0.179  0.100
  1876     1    -0.269  0.177    -0.236  0.151    -0.140  0.131    -0.147  0.115    -0.180  0.102
  1876     2    -0.269  0.447    -0.241  0.155    -0.139  0.129    -0.145  0.114    -0.181  0.102
  1876     3    -0.122  0.312    -0.260  0.162    -0.134  0.129    -0.146  0.115    -0.182  0.103
  1876     4    -0.298  0.450    -0.268  0.176    -0.129  0.128    -0.145  0.114    -0.181  0.104
  1876     5    -0.514  0.257    -0.275  0.195    -0.126  0.132    -0.145  0.114    -0.180  0.104
  1876     6    -0.422  0.259    -0.259  0.190    -0.124  0.135    -0.147  0.114    -0.181  0.104
  1876     7    -0.085  0.218    -0.240  0.187    -0.120  0.134    -0.147  0.112    -0.182  0.104
  1876     8    -0.299  0.230    -0.209  0.197    -0.114  0.132    -0.147  0.113    -0.183  0.105
  1876     9    -0.335  0.305    -0.194  0.207    -0.107  0.131    -0.148  0.111    -0.184  0.104
  1876    10    -0.103  0.403    -0.171  0.195    -0.102  0.131    -0.147  0.109    -0.185  0.105
  1876    11    -0.225  0.506    -0.126  0.207    -0.098  0.131    -0.148  0.109    -0.187  0.104
  1876    12    -0.170  0.330    -0.099  0.214    -0.095  0.130    -0.148  0.110    -0.189  0.103
  1877     1    -0.036  0.210    -0.080  0.213    -0.095  0.130    -0.146  0.107    -0.190  0.102
  1877     2     0.104  0.460    -0.044  0.221    -0.096  0.127    -0.147  0.105    -0.191  0.101
  1877     3     0.058  0.405    -0.010  0.213    -0.100  0.127    -0.145  0.105    -0.192  0.101
  1877     4    -0.026  0.338     0.007  0.206    -0.095  0.127    -0.145  0.103    -0.192  0.101
  1877     5     0.023  0.243     0.045  0.205    -0.092  0.127    -0.146  0.103    -0.193  0.100
  1877     6    -0.089  0.299     0.087  0.203    -0.094  0.123    -0.147  0.103    -0.194  0.100
  1877     7     0.142  0.300     0.096  0.203    -0.097  0.124    -0.148  0.103    -0.194  0.099
  1877     8     0.131  0.340     0.101  0.186    -0.098  0.124    -0.151  0.106    -0.194  0.100
  1877     9     0.077  0.279     0.122  0.172    -0.096  0.125    -0.153  0.106    -0.196  0.100
  1877    10     0.099  0.248     0.151  0.155    -0.095  0.126    -0.152  0.106    -0.197  0.098
  1877    11     0.233  0.329     0.150  0.152    -0.094  0.126    -0.150  0.106    -0.197  0.095
  1877    12     0.326  0.344     0.151  0.149    -0.094  0.126    -0.151  0.106    -0.196  0.095
  1878     1     0.077  0.302     0.150  0.148    -0.096  0.129    -0.152  0.105    -0.197  0.094
  1878     2     0.160  0.276     0.138  0.151    -0.094  0.130    -0.152  0.104    -0.198  0.093
  1878     3     0.318  0.432     0.134  0.135    -0.097  0.131    -0.152  0.103    -0.199  0.093
  1878     4     0.313  0.306     0.124  0.120    -0.100  0.130    -0.152  0.101    -0.200  0.093
  1878     5     0.014  0.263     0.103  0.116    -0.099  0.130    -0.152  0.101    -0.201  0.092
  1878     6    -0.080  0.202     0.083  0.110    -0.092  0.128    -0.151  0.101    -0.202  0.091
  1878     7     0.129  0.184     0.084  0.119    -0.091  0.129    -0.152  0.101    -0.203  0.091
  1878     8    -0.014  0.212     0.063  0.102    -0.085  0.129    -0.154  0.100    -0.204  0.092
  1878     9     0.037  0.228     0.033  0.092    -0.086  0.130    -0.154  0.099    -0.204  0.092
  1878    10    -0.027  0.298     0.001  0.088    -0.080  0.123    -0.154  0.099    -0.205  0.091
  1878    11    -0.013  0.214    -0.013  0.095    -0.071  0.123    -0.154  0.101    -0.205  0.091
  1878    12     0.077  0.230    -0.036  0.104    -0.069  0.122    -0.156  0.103    -0.206  0.091
  1879     1     0.093  0.189    -0.072  0.112    -0.071  0.121    -0.157  0.103    -0.206  0.091
  1879     2    -0.093  0.265    -0.097  0.114    -0.068  0.120    -0.154  0.104    -0.206  0.090
  1879     3    -0.039  0.267    -0.129  0.121    -0.067  0.117    -0.153  0.104    -0.204  0.090
  1879     4    -0.068  0.194    -0.134  0.123    -0.068  0.112    -0.153  0.105    -0.204  0.090
  1879     5    -0.152  0.308    -0.145  0.135    -0.070  0.111    -0.153  0.106    -0.204  0.090
  1879     6    -0.357  0.224    -0.178  0.133    -0.068  0.111    -0.152  0.105    -0.205  0.090
  1879     7    -0.312  0.308    -0.212  0.139    -0.067  0.110    -0.153  0.105    -0.205  0.090
  1879     8    -0.305  0.259    -0.227  0.148    -0.072  0.104    -0.156  0.103    -0.205  0.090
  1879     9    -0.350  0.285    -0.239  0.161    -0.075  0.100    -0.159  0.104    -0.206  0.090
  1879    10    -0.081  0.189    -0.250  0.166    -0.077  0.100    -0.158  0.103    -0.206  0.091
  1879    11    -0.146  0.300    -0.246  0.161    -0.080  0.102    -0.159  0.103    -0.207  0.091
  1879    12    -0.321  0.267    -0.243  0.165    -0.084  0.104    -0.160  0.102    -0.207  0.090
  1880     1    -0.322  0.279    -0.240  0.159    -0.091  0.105    -0.162  0.102    -0.206  0.090
  1880     2    -0.267  0.306    -0.225  0.165    -0.097  0.106    -0.164  0.103    -0.207  0.089
  1880     3    -0.186  0.242    -0.219  0.166    -0.103  0.105    -0.165  0.103    -0.208  0.088
  1880     4    -0.201  0.270    -0.229  0.166    -0.107  0.102    -0.166  0.105    -0.210  0.088
  1880     5    -0.104  0.249    -0.224  0.159    -0.113  0.099    -0.168  0.106    -0.211  0.088
  1880     6    -0.322  0.270    -0.190  0.162    -0.123  0.098    -0.171  0.107    -0.212  0.087
  1880     7    -0.279  0.253    -0.181  0.159    -0.130  0.100    -0.173  0.108    -0.214  0.087
  1880     8    -0.120  0.267    -0.154  0.156    -0.136  0.100    -0.175  0.109    -0.215  0.087
  1880     9    -0.284  0.218    -0.151  0.164    -0.143  0.100    -0.177  0.109    -0.215  0.087
  1880    10    -0.197  0.177    -0.133  0.149    -0.150  0.096    -0.178  0.109    -0.215  0.086
  1880    11    -0.089  0.269    -0.122  0.139    -0.155  0.097    -0.178  0.109    -0.216  0.085
  1880    12     0.090  0.229    -0.120  0.135    -0.156  0.098    -0.176  0.108    -0.216  0.085
  1881     1    -0.208  0.326    -0.111  0.128    -0.164  0.100    -0.178  0.109    -0.216  0.085
  1881     2     0.055  0.223    -0.113  0.119    -0.169  0.101    -0.178  0.108    -0.217  0.085
  1881     3    -0.151  0.307    -0.112  0.120    -0.174  0.102    -0.180  0.108    -0.218  0.086
  1881     4     0.015  0.210    -0.108  0.112    -0.179  0.102    -0.179  0.106    -0.218  0.086
  1881     5     0.024  0.250    -0.129  0.111    -0.181  0.105    -0.177  0.106    -0.219  0.086
  1881     6    -0.294  0.265    -0.142  0.115    -0.188  0.107    -0.177  0.107    -0.220  0.086
  1881     7    -0.173  0.209    -0.123  0.115    -0.194  0.108    -0.179  0.107    -0.221  0.085
  1881     8    -0.143  0.223    -0.145  0.109    -0.194  0.108    -0.180  0.107    -0.222  0.085
  1881     9    -0.268  0.278    -0.139  0.100    -0.198  0.110    -0.181  0.105    -0.222  0.085
  1881    10    -0.150  0.179    -0.154  0.105    -0.204  0.110    -0.184  0.103    -0.222  0.085
  1881    11    -0.344  0.260    -0.171  0.104    -0.208  0.109    -0.186  0.103    -0.223  0.085
  1881    12    -0.062  0.228    -0.174  0.097    -0.208  0.108    -0.187  0.102    -0.223  0.086
  1882     1     0.009  0.142    -0.180  0.088    -0.212  0.107    -0.192  0.102    -0.223  0.084
  1882     2    -0.199  0.234    -0.188  0.093    -0.215  0.106    -0.197  0.101    -0.223  0.083
  1882     3    -0.083  0.251    -0.187  0.089    -0.218  0.107    -0.201  0.100    -0.223  0.083
  1882     4    -0.163  0.164    -0.188  0.100    -0.222  0.108    -0.203  0.099    -0.224  0.082
  1882     5    -0.177  0.182    -0.169  0.101    -0.226  0.107    -0.208  0.099    -0.225  0.081
  1882     6    -0.337  0.185    -0.190  0.096    -0.226  0.108    -0.211  0.100    -0.226  0.081
  1882     7    -0.242  0.182    -0.216  0.094    -0.228  0.108    -0.215  0.100    -0.228  0.082
  1882     8    -0.243  0.231    -0.218  0.105    -0.230  0.106    -0.220  0.099    -0.230  0.082
  1882     9    -0.253  0.209    -0.219  0.116    -0.234  0.105    -0.225  0.098    -0.232  0.082
  1882    10    -0.162  0.320    -0.216  0.104    -0.237  0.105    -0.228  0.097    -0.233  0.082
  1882    11    -0.118  0.213    -0.221  0.123    -0.242  0.105    -0.233  0.095    -0.234  0.082
  1882    12    -0.308  0.313    -0.207  0.133    -0.247  0.104    -0.238  0.093    -0.235  0.082
  1883     1    -0.302  0.186    -0.214  0.133    -0.250  0.102    -0.242  0.095    -0.237  0.082
  1883     2    -0.226  0.268    -0.221  0.135    -0.256  0.103    -0.247  0.095    -0.239  0.083
  1883     3    -0.092  0.273    -0.225  0.130    -0.257  0.103    -0.253  0.093    -0.239  0.083
  1883     4    -0.137  0.165    -0.235  0.143    -0.257  0.102    -0.258  0.093    -0.240  0.083
  1883     5    -0.237  0.293    -0.240  0.143    -0.257  0.102    -0.261  0.092    -0.241  0.083
  1883     6    -0.165  0.227    -0.239  0.140    -0.261  0.103    -0.261  0.093    -0.241  0.082
  1883     7    -0.328  0.175    -0.240  0.149    -0.265  0.104    -0.265  0.093    -0.241  0.082
  1883     8    -0.327  0.233    -0.228  0.146    -0.271  0.105    -0.267  0.093    -0.242  0.082
  1883     9    -0.301  0.198    -0.243  0.133    -0.275  0.103    -0.269  0.093    -0.243  0.082
  1883    10    -0.273  0.230    -0.265  0.145    -0.277  0.104    -0.269  0.092    -0.242  0.082
  1883    11    -0.188  0.312    -0.278  0.140    -0.282  0.105    -0.269  0.093    -0.243  0.081
  1883    12    -0.294  0.279    -0.297  0.128    -0.285  0.104    -0.269  0.093    -0.244  0.081
  1884     1    -0.315  0.243    -0.312  0.137    -0.288  0.104    -0.270  0.092    -0.245  0.080
  1884     2    -0.076  0.225    -0.329  0.131    -0.293  0.105    -0.269  0.093    -0.245  0.080
  1884     3    -0.279  0.195    -0.348  0.146    -0.296  0.104    -0.267  0.093    -0.244  0.079
  1884     4    -0.392  0.275    -0.349  0.151    -0.299  0.105    -0.266  0.093    -0.244  0.080
  1884     5    -0.398  0.147    -0.368  0.148    -0.301  0.105    -0.265  0.092    -0.243  0.080
  1884     6    -0.394  0.191    -0.369  0.142    -0.305  0.105    -0.264  0.090    -0.243  0.080
  1884     7    -0.507  0.293    -0.378  0.145    -0.316  0.107    -0.263  0.089    -0.243  0.079
  1884     8    -0.526  0.279    -0.405  0.146    -0.323  0.110    -0.263  0.088    -0.243  0.079
  1884     9    -0.537  0.298    -0.417  0.144    -0.327  0.109    -0.263  0.087    -0.244  0.078
  1884    10    -0.285  0.215    -0.419  0.158    -0.330  0.109    -0.265  0.087    -0.244  0.077
  1884    11    -0.407  0.186    -0.416  0.160    -0.335  0.109    -0.265  0.086    -0.243  0.077
  1884    12    -0.313  0.223    -0.435  0.164    -0.337  0.109    -0.263  0.086    -0.244  0.077
  1885     1    -0.419  0.285    -0.431  0.158    -0.339  0.107    -0.263  0.085    -0.245  0.077
  1885     2    -0.408  0.209    -0.427  0.175    -0.343  0.106    -0.264  0.084    -0.246  0.078
  1885     3    -0.419  0.207    -0.412  0.163    -0.347  0.105    -0.266  0.084    -0.246  0.078
  1885     4    -0.410  0.308    -0.405  0.147    -0.350  0.107    -0.267  0.083    -0.246  0.079
  1885     5    -0.371  0.164    -0.382  0.156    -0.353  0.105    -0.269  0.083    -0.246  0.079
  1885     6    -0.621  0.258    -0.367  0.156    -0.352  0.101    -0.270  0.081    -0.246  0.080
  1885     7    -0.456  0.199    -0.366  0.155    -0.354  0.102    -0.272  0.079    -0.246  0.080
  1885     8    -0.482  0.307    -0.359  0.159    -0.357  0.104    -0.274  0.078    -0.246  0.080
  1885     9    -0.351  0.253    -0.355  0.153    -0.362  0.103    -0.276  0.077    -0.247  0.080
  1885    10    -0.204  0.182    -0.333  0.137    -0.366  0.105    -0.277  0.077    -0.248  0.081
  1885    11    -0.125  0.311    -0.323  0.133    -0.367  0.102    -0.280  0.076    -0.248  0.081
  1885    12    -0.136  0.278    -0.313  0.127    -0.366  0.101    -0.283  0.076    -0.247  0.081
  1886     1    -0.407  0.187    -0.301  0.124    -0.366  0.101    -0.284  0.076    -0.246  0.082
  1886     2    -0.323  0.266    -0.297  0.117    -0.365  0.101    -0.289  0.078    -0.246  0.082
  1886     3    -0.375  0.141    -0.306  0.100    -0.364  0.100    -0.289  0.077    -0.247  0.082
  1886     4    -0.147  0.186    -0.320  0.095    -0.360  0.100    -0.292  0.079    -0.246  0.082
  1886     5    -0.255  0.198    -0.348  0.102    -0.357  0.101    -0.293  0.080    -0.245  0.082
  1886     6    -0.497  0.281    -0.361  0.097    -0.351  0.102    -0.293  0.081    -0.244  0.083
  1886     7    -0.310  0.224    -0.382  0.099    -0.346  0.100    -0.295  0.082    -0.244  0.083
  1886     8    -0.437  0.142    -0.403  0.092    -0.343  0.101    -0.297  0.082    -0.243  0.083
  1886     9    -0.461  0.109    -0.400  0.090    -0.335  0.102    -0.296  0.083    -0.242  0.082
  1886    10    -0.364  0.168    -0.417  0.090    -0.328  0.104    -0.297  0.086    -0.242  0.082
  1886    11    -0.461  0.314    -0.435  0.085    -0.322  0.105    -0.297  0.086    -0.241  0.082
  1886    12    -0.296  0.318    -0.434  0.086    -0.320  0.103    -0.297  0.086    -0.241  0.081
  1887     1    -0.655  0.272    -0.435  0.086    -0.314  0.101    -0.299  0.086    -0.241  0.081
  1887     2    -0.578  0.314    -0.439  0.085    -0.311  0.098    -0.299  0.087    -0.242  0.080
  1887     3    -0.341  0.175    -0.442  0.094    -0.308  0.093    -0.301  0.086    -0.243  0.080
  1887     4    -0.343  0.242    -0.440  0.110    -0.307  0.091    -0.303  0.087    -0.243  0.079
  1887     5    -0.479  0.200    -0.426  0.120    -0.305  0.089    -0.305  0.088    -0.243  0.079
  1887     6    -0.484  0.198    -0.424  0.103    -0.301  0.088    -0.306  0.088    -0.243  0.080
  1887     7    -0.324  0.127    -0.404  0.102    -0.299  0.085    -0.308  0.089    -0.244  0.080
  1887     8    -0.485  0.165    -0.392  0.098    -0.297  0.084    -0.310  0.088    -0.245  0.080
  1887     9    -0.488  0.228    -0.395  0.103    -0.297  0.084    -0.312  0.086    -0.246  0.079
  1887    10    -0.346  0.295    -0.395  0.108    -0.296  0.082    -0.314  0.087    -0.247  0.079
  1887    11    -0.293  0.342    -0.380  0.107    -0.295  0.081    -0.318  0.087    -0.248  0.078
  1887    12    -0.272  0.221    -0.351  0.101    -0.293  0.080    -0.319  0.087    -0.251  0.079
  1888     1    -0.408  0.259    -0.352  0.099    -0.294  0.079    -0.322  0.087    -0.251  0.079
  1888     2    -0.440  0.146    -0.333  0.101    -0.293  0.078    -0.325  0.089    -0.253  0.080
  1888     3    -0.381  0.286    -0.311  0.102    -0.295  0.075    -0.327  0.089    -0.256  0.079
  1888     4    -0.343  0.240    -0.285  0.103    -0.297  0.075    -0.328  0.090    -0.259  0.079
  1888     5    -0.296  0.178    -0.261  0.103    -0.302  0.074    -0.329  0.089    -0.260  0.079
  1888     6    -0.141  0.167    -0.233  0.121    -0.305  0.072    -0.331  0.088    -0.261  0.080
  1888     7    -0.327  0.251    -0.203  0.132    -0.304  0.071    -0.330  0.089    -0.262  0.080
  1888     8    -0.265  0.226    -0.157  0.139    -0.307  0.071    -0.331  0.089    -0.264  0.080
  1888     9    -0.216  0.215    -0.109  0.148    -0.304  0.073    -0.331  0.089    -0.265  0.081
  1888    10    -0.033  0.190    -0.077  0.161    -0.306  0.075    -0.331  0.089    -0.266  0.081
  1888    11    -0.015  0.272    -0.056  0.182    -0.305  0.075    -0.332  0.088    -0.267  0.082
  1888    12     0.068  0.342    -0.064  0.182    -0.300  0.079    -0.332  0.087    -0.269  0.082
  1889     1    -0.045  0.363    -0.053  0.179    -0.302  0.081    -0.333  0.086    -0.271  0.082
  1889     2     0.109  0.228    -0.059  0.162    -0.301  0.082    -0.335  0.086    -0.271  0.083
  1889     3     0.191  0.371    -0.072  0.148    -0.297  0.085    -0.336  0.085    -0.272  0.084
  1889     4     0.052  0.365    -0.088  0.147    -0.294  0.088    -0.335  0.084    -0.273  0.084
  1889     5    -0.048  0.269    -0.107  0.138    -0.292  0.091    -0.334  0.085    -0.273  0.084
  1889     6    -0.242  0.273    -0.119  0.118    -0.290  0.092    -0.335  0.085    -0.273  0.085
  1889     7    -0.195  0.277    -0.143  0.108    -0.282  0.090    -0.333  0.085    -0.273  0.085
  1889     8    -0.337  0.178    -0.175  0.105    -0.276  0.091    -0.330  0.084    -0.272  0.084
  1889     9    -0.368  0.167    -0.226  0.094    -0.276  0.091    -0.329  0.082    -0.271  0.084
  1889    10    -0.224  0.228    -0.259  0.087    -0.276  0.094    -0.329  0.082    -0.271  0.085
  1889    11    -0.251  0.166    -0.283  0.096    -0.275  0.097    -0.327  0.082    -0.270  0.085
  1889    12    -0.076  0.168    -0.302  0.088    -0.275  0.096    -0.328  0.082    -0.269  0.086
  1890     1    -0.326  0.370    -0.327  0.095    -0.278  0.098    -0.328  0.082    -0.268  0.086
  1890     2    -0.279  0.203    -0.337  0.105    -0.278  0.097    -0.328  0.083    -0.266  0.086
  1890     3    -0.423  0.209    -0.347  0.092    -0.277  0.096    -0.327  0.084    -0.266  0.087
  1890     4    -0.336  0.163    -0.351  0.078    -0.277  0.094    -0.326  0.082    -0.265  0.087
  1890     5    -0.336  0.211    -0.366  0.070    -0.283  0.095    -0.325  0.082    -0.266  0.088
  1890     6    -0.469  0.109    -0.386  0.063    -0.286  0.099    -0.322  0.084    -0.265  0.088
  1890     7    -0.498  0.205    -0.387  0.056    -0.291  0.100    -0.320  0.084    -0.264  0.088
  1890     8    -0.461  0.183    -0.406  0.069    -0.292  0.100    -0.318  0.084    -0.264  0.087
  1890     9    -0.482  0.140    -0.390  0.071    -0.291  0.100    -0.317  0.083    -0.263  0.087
  1890    10    -0.273  0.153    -0.382  0.087    -0.291  0.099    -0.317  0.084    -0.262  0.087
  1890    11    -0.430  0.206    -0.371  0.083    -0.292  0.100    -0.317  0.084    -0.262  0.087
  1890    12    -0.319  0.165    -0.351  0.101    -0.296  0.100    -0.318  0.084    -0.262  0.088
  1891     1    -0.343  0.208    -0.345  0.113    -0.295  0.100    -0.315  0.084    -0.262  0.089
  1891     2    -0.503  0.301    -0.336  0.121    -0.297  0.100    -0.314  0.084    -0.263  0.089
  1891     3    -0.233  0.283    -0.315  0.135    -0.299  0.098    -0.313  0.085    -0.263  0.089
  1891     4    -0.232  0.305    -0.308  0.142    -0.302  0.098    -0.314  0.085    -0.263  0.090
  1891     5    -0.209  0.213    -0.299  0.159    -0.307  0.094    -0.313  0.085    -0.263  0.091
  1891     6    -0.225  0.252    -0.285  0.174    -0.313  0.090    -0.310  0.086    -0.262  0.091
  1891     7    -0.428  0.237    -0.272  0.169    -0.320  0.087    -0.309  0.086    -0.263  0.091
  1891     8    -0.352  0.204    -0.248  0.159    -0.328  0.085    -0.306  0.086    -0.263  0.091
  1891     9    -0.234  0.266    -0.258  0.149    -0.337  0.082    -0.304  0.088    -0.263  0.091
  1891    10    -0.184  0.255    -0.270  0.156    -0.342  0.079    -0.301  0.089    -0.263  0.091
  1891    11    -0.328  0.303    -0.284  0.162    -0.346  0.080    -0.297  0.089    -0.263  0.091
  1891    12    -0.150  0.324    -0.305  0.165    -0.350  0.083    -0.295  0.090    -0.263  0.091
  1892     1    -0.186  0.156    -0.314  0.167    -0.351  0.085    -0.290  0.090    -0.264  0.092
  1892     2    -0.215  0.268    -0.323  0.160    -0.349  0.086    -0.286  0.091    -0.264  0.092
  1892     3    -0.349  0.317    -0.338  0.154    -0.349  0.086    -0.285  0.092    -0.265  0.092
  1892     4    -0.382  0.234    -0.356  0.142    -0.350  0.086    -0.282  0.092    -0.265  0.092
  1892     5    -0.374  0.267    -0.379  0.147    -0.350  0.088    -0.278  0.091    -0.266  0.093
  1892     6    -0.477  0.260    -0.407  0.151    -0.355  0.088    -0.275  0.090    -0.266  0.093
  1892     7    -0.535  0.286    -0.449  0.149    -0.356  0.088    -0.273  0.091    -0.266  0.093
  1892     8    -0.466  0.154    -0.476  0.147    -0.359  0.091    -0.270  0.091    -0.266  0.093
  1892     9    -0.411  0.205    -0.472  0.143    -0.357  0.093    -0.267  0.092    -0.267  0.092
  1892    10    -0.400  0.117    -0.469  0.129    -0.356  0.092    -0.265  0.092    -0.268  0.092
  1892    11    -0.601  0.304    -0.467  0.127    -0.354  0.093    -0.264  0.092    -0.269  0.093
  1892    12    -0.484  0.320    -0.458  0.124    -0.351  0.095    -0.263  0.095    -0.269  0.092
  1893     1    -0.691  0.233    -0.434  0.118    -0.346  0.097    -0.260  0.096    -0.269  0.092
  1893     2    -0.539  0.353    -0.428  0.116    -0.342  0.096    -0.260  0.097    -0.269  0.092
  1893     3    -0.298  0.241    -0.422  0.120    -0.339  0.098    -0.260  0.098    -0.270  0.092
  1893     4    -0.349  0.239    -0.406  0.128    -0.338  0.099    -0.260  0.097    -0.271  0.093
  1893     5    -0.354  0.152    -0.382  0.115    -0.332  0.102    -0.260  0.097    -0.272  0.092
  1893     6    -0.369  0.231    -0.367  0.092    -0.330  0.104    -0.260  0.098    -0.272  0.092
  1893     7    -0.242  0.187    -0.350  0.087    -0.327  0.104    -0.259  0.098    -0.273  0.092
  1893     8    -0.392  0.172    -0.333  0.086    -0.322  0.105    -0.260  0.098    -0.274  0.093
  1893     9    -0.340  0.230    -0.337  0.082    -0.322  0.105    -0.261  0.100    -0.275  0.093
  1893    10    -0.212  0.211    -0.329  0.084    -0.322  0.105    -0.263  0.100    -0.276  0.093
  1893    11    -0.316  0.155    -0.325  0.095    -0.322  0.105    -0.266  0.100    -0.277  0.094
  1893    12    -0.305  0.201    -0.335  0.090    -0.320  0.105    -0.269  0.100    -0.278  0.094
  1894     1    -0.490  0.190    -0.336  0.092    -0.315  0.105    -0.271  0.101    -0.280  0.094
  1894     2    -0.334  0.271    -0.321  0.086    -0.310  0.105    -0.274  0.102    -0.282  0.094
  1894     3    -0.336  0.196    -0.322  0.097    -0.310  0.104    -0.278  0.102    -0.283  0.094
  1894     4    -0.258  0.124    -0.330  0.097    -0.307  0.102    -0.281  0.103    -0.283  0.094
  1894     5    -0.307  0.239    -0.323  0.106    -0.303  0.102    -0.282  0.103    -0.284  0.094
  1894     6    -0.488  0.200    -0.329  0.107    -0.300  0.101    -0.282  0.104    -0.284  0.095
  1894     7    -0.252  0.193    -0.321  0.108    -0.298  0.102    -0.283  0.106    -0.284  0.094
  1894     8    -0.213  0.158    -0.331  0.125    -0.297  0.102    -0.281  0.107    -0.284  0.095
  1894     9    -0.354  0.212    -0.329  0.133    -0.293  0.104    -0.278  0.107    -0.284  0.095
  1894    10    -0.311  0.166    -0.328  0.131    -0.287  0.102    -0.277  0.107    -0.284  0.096
  1894    11    -0.221  0.247    -0.323  0.117    -0.281  0.102    -0.274  0.108    -0.284  0.096
  1894    12    -0.379  0.145    -0.307  0.114    -0.276  0.103    -0.274  0.108    -0.284  0.096
  1895     1    -0.401  0.241    -0.302  0.112    -0.268  0.104    -0.273  0.109    -0.283  0.096
  1895     2    -0.454  0.375    -0.304  0.120    -0.262  0.106    -0.269  0.111    -0.284  0.097
  1895     3    -0.311  0.312    -0.297  0.130    -0.257  0.110    -0.266  0.112    -0.285  0.097
  1895     4    -0.245  0.148    -0.288  0.130    -0.253  0.113    -0.264  0.113    -0.285  0.097
  1895     5    -0.242  0.163    -0.278  0.133    -0.246  0.114    -0.263  0.114    -0.284  0.097
  1895     6    -0.295  0.278    -0.264  0.137    -0.241  0.114    -0.259  0.114    -0.283  0.098
  1895     7    -0.191  0.223    -0.243  0.132    -0.230  0.116    -0.256  0.115    -0.282  0.098
  1895     8    -0.238  0.160    -0.223  0.127    -0.227  0.116    -0.254  0.115    -0.281  0.098
  1895     9    -0.271  0.249    -0.214  0.134    -0.229  0.116    -0.250  0.115    -0.281  0.097
  1895    10    -0.202  0.156    -0.214  0.141    -0.228  0.117    -0.247  0.117    -0.281  0.097
  1895    11    -0.102  0.196    -0.211  0.143    -0.227  0.118    -0.245  0.119    -0.282  0.097
  1895    12    -0.220  0.225    -0.195  0.150    -0.225  0.119    -0.242  0.120    -0.282  0.098
  1896     1    -0.149  0.197    -0.192  0.163    -0.224  0.118    -0.240  0.121    -0.281  0.098
  1896     2    -0.209  0.294    -0.177  0.172    -0.224  0.121    -0.237  0.121    -0.281  0.097
  1896     3    -0.206  0.292    -0.170  0.165    -0.222  0.123    -0.236  0.121    -0.280  0.097
  1896     4    -0.247  0.196    -0.155  0.163    -0.225  0.125    -0.234  0.121    -0.279  0.098
  1896     5    -0.196  0.190    -0.153  0.163    -0.225  0.129    -0.232  0.121    -0.279  0.098
  1896     6    -0.107  0.298    -0.132  0.161    -0.226  0.132    -0.232  0.122    -0.278  0.098
  1896     7    -0.156  0.226    -0.124  0.162    -0.221  0.135    -0.230  0.123    -0.277  0.098
  1896     8    -0.053  0.215    -0.122  0.155    -0.220  0.136    -0.229  0.123    -0.277  0.098
  1896     9    -0.197  0.302    -0.115  0.148    -0.219  0.137    -0.229  0.122    -0.276  0.099
  1896    10    -0.022  0.196    -0.094  0.144    -0.219  0.138    -0.229  0.122    -0.275  0.099
  1896    11    -0.071  0.212    -0.082  0.148    -0.217  0.137    -0.229  0.122    -0.274  0.100
  1896    12     0.036  0.151    -0.083  0.137    -0.215  0.138    -0.230  0.122    -0.274  0.101
  1897     1    -0.063  0.190    -0.075  0.138    -0.214  0.137    -0.230  0.123    -0.273  0.101
  1897     2    -0.186  0.198    -0.079  0.146    -0.212  0.139    -0.228  0.123    -0.273  0.102
  1897     3    -0.113  0.242    -0.076  0.148    -0.208  0.139    -0.228  0.124    -0.272  0.102
  1897     4    -0.001  0.245    -0.083  0.154    -0.204  0.139    -0.227  0.124    -0.272  0.102
  1897     5    -0.046  0.175    -0.094  0.160    -0.198  0.140    -0.227  0.125    -0.273  0.103
  1897     6    -0.121  0.244    -0.111  0.166    -0.193  0.141    -0.225  0.125    -0.273  0.103
  1897     7    -0.067  0.230    -0.109  0.172    -0.190  0.143    -0.223  0.126    -0.273  0.103
  1897     8    -0.094  0.344    -0.124  0.172    -0.180  0.145    -0.223  0.126    -0.273  0.104
  1897     9    -0.160  0.285    -0.150  0.169    -0.175  0.148    -0.221  0.127    -0.272  0.104
  1897    10    -0.112  0.266    -0.176  0.169    -0.173  0.149    -0.222  0.127    -0.272  0.103
  1897    11    -0.205  0.199    -0.197  0.172    -0.171  0.151    -0.220  0.127    -0.273  0.103
  1897    12    -0.165  0.276    -0.203  0.180    -0.167  0.151    -0.220  0.126    -0.273  0.104
  1898     1    -0.036  0.303    -0.217  0.171    -0.167  0.153    -0.216  0.125    -0.273  0.105
  1898     2    -0.368  0.220    -0.241  0.173    -0.165  0.154    -0.213  0.124    -0.273  0.105
  1898     3    -0.423  0.253    -0.247  0.180    -0.162  0.151    -0.213  0.124    -0.274  0.105
  1898     4    -0.310  0.172    -0.268  0.186    -0.157  0.153    -0.214  0.124    -0.275  0.105
  1898     5    -0.298  0.216    -0.277  0.191    -0.157  0.153    -0.214  0.124    -0.275  0.104
  1898     6    -0.201  0.208    -0.292  0.187    -0.153  0.155    -0.214  0.123    -0.277  0.104
  1898     7    -0.234  0.232    -0.308  0.185    -0.154  0.156    -0.216  0.123    -0.277  0.105
  1898     8    -0.376  0.286    -0.301  0.187    -0.152  0.156    -0.218  0.124    -0.278  0.105
  1898     9    -0.237  0.253    -0.289  0.182    -0.150  0.155    -0.219  0.125    -0.278  0.105
  1898    10    -0.367  0.264    -0.284  0.182    -0.146  0.155    -0.221  0.125    -0.280  0.105
  1898    11    -0.310  0.264    -0.274  0.176    -0.143  0.156    -0.223  0.127    -0.282  0.105
  1898    12    -0.347  0.230    -0.286  0.180    -0.144  0.155    -0.225  0.128    -0.284  0.105
  1899     1    -0.227  0.246    -0.284  0.183    -0.145  0.155    -0.226  0.128    -0.287  0.105
  1899     2    -0.282  0.278    -0.261  0.172    -0.147  0.154    -0.229  0.128    -0.289  0.105
  1899     3    -0.284  0.270    -0.251  0.158    -0.148  0.152    -0.230  0.129    -0.293  0.105
  1899     4    -0.251  0.206    -0.223  0.153    -0.152  0.152    -0.232  0.129    -0.295  0.105
  1899     5    -0.176  0.141    -0.188  0.148    -0.156  0.154    -0.233  0.129    -0.297  0.105
  1899     6    -0.336  0.277    -0.165  0.145    -0.160  0.155    -0.233  0.129    -0.298  0.105
  1899     7    -0.215  0.241    -0.163  0.146    -0.162  0.155    -0.235  0.128    -0.299  0.106
  1899     8    -0.099  0.220    -0.128  0.163    -0.160  0.152    -0.237  0.129    -0.299  0.106
  1899     9    -0.114  0.214    -0.109  0.170    -0.163  0.151    -0.238  0.129    -0.299  0.106
  1899    10    -0.040  0.236    -0.096  0.173    -0.168  0.152    -0.239  0.129    -0.300  0.106
  1899    11     0.117  0.250    -0.092  0.177    -0.172  0.153    -0.240  0.130    -0.300  0.107
  1899    12    -0.070  0.224    -0.070  0.171    -0.175  0.153    -0.239  0.131    -0.302  0.107
  1900     1    -0.209  0.253    -0.065  0.165    -0.179  0.152    -0.239  0.131    -0.302  0.106
  1900     2     0.137  0.414    -0.068  0.167    -0.184  0.149    -0.241  0.131    -0.302  0.106
  1900     3    -0.051  0.328    -0.065  0.161    -0.186  0.147    -0.242  0.131    -0.303  0.106
  1900     4    -0.094  0.252    -0.056  0.168    -0.191  0.145    -0.244  0.131    -0.304  0.107
  1900     5    -0.136  0.172    -0.073  0.173    -0.195  0.144    -0.244  0.132    -0.304  0.107
  1900     6    -0.067  0.178    -0.066  0.175    -0.199  0.141    -0.244  0.132    -0.304  0.108
  1900     7    -0.156  0.132    -0.064  0.175    -0.201  0.138    -0.244  0.133    -0.303  0.108
  1900     8    -0.130  0.203    -0.084  0.169    -0.199  0.136    -0.245  0.132    -0.303  0.108
  1900     9    -0.082  0.172    -0.087  0.156    -0.196  0.135    -0.245  0.131    -0.303  0.108
  1900    10     0.065  0.249    -0.079  0.157    -0.199  0.135    -0.245  0.131    -0.303  0.108
  1900    11    -0.089  0.274    -0.070  0.161    -0.200  0.133    -0.247  0.131    -0.304  0.109
  1900    12     0.020  0.234    -0.078  0.166    -0.203  0.130    -0.246  0.131    -0.305  0.109
  1901     1    -0.186  0.269    -0.081  0.177    -0.207  0.132    -0.246  0.131    -0.305  0.108
  1901     2    -0.097  0.303    -0.087  0.183    -0.211  0.131    -0.247  0.129    -0.306  0.108
  1901     3    -0.098  0.217    -0.100  0.182    -0.215  0.131    -0.246  0.127    -0.307  0.108
  1901     4     0.006  0.250    -0.128  0.171    -0.217  0.130    -0.244  0.127    -0.309  0.107
  1901     5    -0.031  0.272    -0.146  0.164    -0.221  0.128    -0.245  0.127    -0.310  0.107
  1901     6    -0.161  0.163    -0.163  0.162    -0.224  0.128    -0.246  0.126    -0.311  0.107
  1901     7    -0.193  0.263    -0.164  0.151    -0.231  0.126    -0.246  0.125    -0.311  0.107
  1901     8    -0.193  0.249    -0.162  0.128    -0.237  0.126    -0.248  0.124    -0.312  0.107
  1901     9    -0.238  0.156    -0.182  0.123    -0.241  0.127    -0.248  0.123    -0.313  0.106
  1901    10    -0.273  0.232    -0.204  0.123    -0.244  0.127    -0.250  0.124    -0.313  0.106
  1901    11    -0.304  0.228    -0.226  0.122    -0.249  0.127    -0.251  0.124    -0.313  0.106
  1901    12    -0.194  0.277    -0.238  0.119    -0.251  0.126    -0.253  0.125    -0.312  0.105
  1902     1    -0.196  0.190    -0.249  0.121    -0.256  0.124    -0.256  0.125    -0.312  0.106
  1902     2    -0.066  0.167    -0.264  0.119    -0.262  0.126    -0.259  0.125    -0.312  0.106
  1902     3    -0.336  0.167    -0.266  0.124    -0.269  0.125    -0.260  0.125    -0.312  0.107
  1902     4    -0.261  0.150    -0.280  0.119    -0.275  0.125    -0.263  0.124    -0.312  0.106
  1902     5    -0.296  0.215    -0.291  0.110    -0.282  0.125    -0.267  0.125    -0.311  0.106
  1902     6    -0.309  0.254    -0.307  0.101    -0.286  0.125    -0.270  0.125    -0.310  0.107
  1902     7    -0.319  0.263    -0.308  0.102    -0.289  0.124    -0.273  0.126    -0.309  0.107
  1902     8    -0.371  0.218    -0.321  0.108    -0.301  0.120    -0.276  0.126    -0.309  0.106
  1902     9    -0.266  0.151    -0.314  0.109    -0.308  0.118    -0.278  0.126    -0.310  0.107
  1902    10    -0.436  0.151    -0.334  0.117    -0.314  0.118    -0.279  0.124    -0.310  0.107
  1902    11    -0.441  0.162    -0.339  0.103    -0.317  0.117    -0.281  0.124    -0.309  0.107
  1902    12    -0.388  0.243    -0.343  0.089    -0.320  0.118    -0.283  0.123    -0.309  0.107
  1903     1    -0.201  0.160    -0.356  0.091    -0.321  0.118    -0.286  0.122    -0.308  0.107
  1903     2    -0.226  0.153    -0.376  0.088    -0.324  0.116    -0.286  0.121    -0.308  0.107
  1903     3    -0.254  0.174    -0.394  0.105    -0.328  0.116    -0.288  0.120    -0.309  0.106
  1903     4    -0.495  0.235    -0.399  0.113    -0.333  0.115    -0.290  0.120    -0.309  0.107
  1903     5    -0.363  0.138    -0.406  0.111    -0.336  0.114    -0.291  0.119    -0.309  0.107
  1903     6    -0.358  0.195    -0.418  0.120    -0.339  0.113    -0.293  0.118    -0.309  0.106
  1903     7    -0.469  0.273    -0.456  0.114    -0.339  0.111    -0.294  0.119    -0.310  0.106
  1903     8    -0.619  0.162    -0.492  0.117    -0.341  0.106    -0.295  0.117    -0.310  0.106
  1903     9    -0.479  0.266    -0.512  0.129    -0.342  0.104    -0.296  0.116    -0.310  0.106
  1903    10    -0.492  0.204    -0.509  0.123    -0.343  0.103    -0.296  0.115    -0.310  0.105
  1903    11    -0.532  0.137    -0.519  0.127    -0.347  0.101    -0.298  0.114    -0.310  0.106
  1903    12    -0.530  0.344    -0.527  0.136    -0.347  0.100    -0.300  0.113    -0.308  0.107
  1904     1    -0.651  0.246    -0.530  0.132    -0.347  0.099    -0.303  0.111    -0.307  0.107
  1904     2    -0.656  0.255    -0.516  0.137    -0.348  0.098    -0.305  0.110    -0.306  0.107
  1904     3    -0.495  0.326    -0.520  0.133    -0.349  0.098    -0.307  0.110    -0.306  0.107
  1904     4    -0.469  0.224    -0.513  0.141    -0.347  0.098    -0.310  0.109    -0.306  0.107
  1904     5    -0.473  0.196    -0.492  0.145    -0.346  0.098    -0.313  0.109    -0.307  0.107
  1904     6    -0.456  0.155    -0.475  0.150    -0.347  0.099    -0.314  0.109    -0.306  0.107
  1904     7    -0.505  0.194    -0.451  0.150    -0.350  0.099    -0.316  0.108    -0.305  0.106
  1904     8    -0.452  0.187    -0.449  0.147    -0.358  0.101    -0.318  0.108    -0.305  0.107
  1904     9    -0.526  0.183    -0.447  0.141    -0.357  0.101    -0.320  0.107    -0.304  0.106
  1904    10    -0.408  0.246    -0.445  0.132    -0.359  0.099    -0.323  0.107    -0.303  0.106
  1904    11    -0.279  0.232    -0.430  0.134    -0.362  0.099    -0.327  0.108    -0.303  0.106
  1904    12    -0.327  0.313    -0.413  0.136    -0.365  0.100    -0.330  0.107    -0.302  0.106
  1905     1    -0.367  0.235    -0.390  0.139    -0.366  0.102    -0.331  0.106    -0.301  0.107
  1905     2    -0.634  0.217    -0.379  0.130    -0.368  0.105    -0.336  0.103    -0.300  0.106
  1905     3    -0.472  0.249    -0.361  0.121    -0.370  0.107    -0.340  0.102    -0.298  0.107
  1905     4    -0.444  0.166    -0.348  0.117    -0.367  0.107    -0.343  0.103    -0.298  0.107
  1905     5    -0.287  0.129    -0.346  0.113    -0.367  0.107    -0.345  0.102    -0.297  0.107
  1905     6    -0.251  0.217    -0.330  0.117    -0.367  0.108    -0.348  0.102    -0.296  0.107
  1905     7    -0.238  0.174    -0.316  0.115    -0.371  0.108    -0.350  0.103    -0.296  0.107
  1905     8    -0.311  0.209    -0.283  0.105    -0.374  0.109    -0.352  0.102    -0.295  0.108
  1905     9    -0.313  0.181    -0.256  0.099    -0.380  0.109    -0.355  0.103    -0.295  0.107
  1905    10    -0.248  0.196    -0.222  0.102    -0.381  0.109    -0.358  0.101    -0.294  0.106
  1905    11    -0.258  0.167    -0.224  0.102    -0.382  0.111    -0.363  0.100    -0.294  0.106
  1905    12    -0.142  0.246    -0.217  0.101    -0.383  0.112    -0.367  0.100    -0.294  0.106
  1906     1    -0.192  0.187    -0.213  0.098    -0.381  0.112    -0.370  0.098    -0.294  0.105
  1906     2    -0.244  0.205    -0.207  0.103    -0.379  0.111    -0.375  0.096    -0.294  0.104
  1906     3    -0.144  0.164    -0.205  0.109    -0.377  0.109    -0.379  0.096    -0.294  0.104
  1906     4    -0.036  0.170    -0.198  0.109    -0.375  0.110    -0.383  0.095    -0.295  0.104
  1906     5    -0.312  0.193    -0.196  0.108    -0.376  0.110    -0.387  0.094    -0.295  0.103
  1906     6    -0.164  0.204    -0.204  0.113    -0.375  0.110    -0.390  0.094    -0.296  0.103
  1906     7    -0.192  0.288    -0.222  0.106    -0.375  0.108    -0.393  0.093    -0.297  0.102
  1906     8    -0.237  0.159    -0.243  0.119    -0.373  0.106    -0.395  0.093    -0.298  0.103
  1906     9    -0.291  0.193    -0.257  0.123    -0.374  0.104    -0.397  0.093    -0.298  0.102
  1906    10    -0.162  0.153    -0.283  0.121    -0.376  0.103    -0.396  0.092    -0.300  0.102
  1906    11    -0.234  0.231    -0.301  0.127    -0.376  0.104    -0.396  0.092    -0.302  0.102
  1906    12    -0.236  0.295    -0.326  0.127    -0.376  0.104    -0.395  0.091    -0.305  0.102
  1907     1    -0.408  0.159    -0.344  0.136    -0.376  0.104    -0.395  0.091    -0.307  0.102
  1907     2    -0.502  0.203    -0.361  0.153    -0.374  0.103    -0.396  0.092    -0.309  0.101
  1907     3    -0.308  0.153    -0.370  0.156    -0.371  0.101    -0.396  0.092    -0.312  0.102
  1907     4    -0.351  0.196    -0.376  0.145    -0.371  0.099    -0.396  0.091    -0.314  0.102
  1907     5    -0.524  0.223    -0.397  0.142    -0.372  0.099    -0.396  0.090    -0.316  0.103
  1907     6    -0.462  0.134    -0.410  0.127    -0.374  0.098    -0.395  0.091    -0.318  0.103
  1907     7    -0.407  0.248    -0.413  0.129    -0.374  0.097    -0.395  0.090    -0.318  0.103
  1907     8    -0.444  0.364    -0.401  0.126    -0.370  0.096    -0.396  0.090    -0.319  0.102
  1907     9    -0.401  0.215    -0.427  0.127    -0.371  0.096    -0.398  0.091    -0.319  0.103
  1907    10    -0.232  0.110    -0.446  0.130    -0.372  0.097    -0.399  0.091    -0.320  0.103
  1907    11    -0.483  0.115    -0.437  0.122    -0.374  0.098    -0.398  0.092    -0.321  0.103
  1907    12    -0.396  0.151    -0.435  0.125    -0.377  0.098    -0.398  0.092    -0.323  0.103
  1908     1    -0.446  0.232    -0.429  0.120    -0.379  0.098    -0.401  0.093    -0.325  0.102
  1908     2    -0.357  0.263    -0.433  0.124    -0.380  0.100    -0.403  0.094    -0.326  0.102
  1908     3    -0.622  0.211    -0.430  0.136    -0.382  0.101    -0.405  0.094    -0.327  0.102
  1908     4    -0.577  0.177    -0.442  0.145    -0.384  0.100    -0.403  0.095    -0.327  0.102
  1908     5    -0.416  0.199    -0.448  0.144    -0.389  0.099    -0.404  0.095    -0.328  0.101
  1908     6    -0.436  0.230    -0.459  0.145    -0.396  0.098    -0.405  0.095    -0.329  0.101
  1908     7    -0.336  0.212    -0.475  0.130    -0.402  0.097    -0.404  0.094    -0.329  0.101
  1908     8    -0.490  0.234    -0.487  0.116    -0.408  0.098    -0.402  0.093    -0.329  0.100
  1908     9    -0.362  0.281    -0.483  0.115    -0.415  0.099    -0.401  0.093    -0.329  0.099
  1908    10    -0.385  0.194    -0.482  0.112    -0.424  0.098    -0.400  0.093    -0.328  0.099
  1908    11    -0.551  0.175    -0.489  0.107    -0.427  0.097    -0.397  0.094    -0.326  0.099
  1908    12    -0.527  0.280    -0.489  0.096    -0.433  0.096    -0.392  0.093    -0.326  0.099
  1909     1    -0.642  0.132    -0.504  0.090    -0.438  0.096    -0.387  0.093    -0.326  0.098
  1909     2    -0.498  0.168    -0.489  0.089    -0.442  0.095    -0.384  0.093    -0.326  0.098
  1909     3    -0.574  0.215    -0.489  0.094    -0.444  0.094    -0.382  0.092    -0.326  0.098
  1909     4    -0.562  0.112    -0.490  0.094    -0.446  0.094    -0.381  0.092    -0.326  0.098
  1909     5    -0.501  0.173    -0.474  0.107    -0.446  0.094    -0.380  0.094    -0.326  0.098
  1909     6    -0.442  0.189    -0.466  0.104    -0.443  0.092    -0.378  0.093    -0.326  0.097
  1909     7    -0.514  0.158    -0.443  0.108    -0.440  0.094    -0.375  0.092    -0.326  0.097
  1909     8    -0.311  0.134    -0.435  0.100    -0.434  0.093    -0.373  0.092    -0.327  0.097
  1909     9    -0.363  0.151    -0.430  0.100    -0.435  0.094    -0.370  0.090    -0.328  0.098
  1909    10    -0.399  0.189    -0.428  0.110    -0.433  0.095    -0.367  0.089    -0.329  0.098
  1909    11    -0.352  0.279    -0.418  0.109    -0.429  0.092    -0.366  0.089    -0.331  0.097
  1909    12    -0.433  0.151    -0.419  0.109    -0.424  0.092    -0.364  0.089    -0.332  0.097
  1910     1    -0.370  0.151    -0.405  0.109    -0.423  0.090    -0.363  0.089    -0.332  0.096
  1910     2    -0.402  0.226    -0.411  0.108    -0.424  0.088    -0.359  0.090    -0.334  0.095
  1910     3    -0.515  0.227    -0.414  0.108    -0.426  0.088    -0.355  0.090    -0.334  0.094
  1910     4    -0.534  0.222    -0.412  0.108    -0.431  0.089    -0.352  0.092    -0.335  0.094
  1910     5    -0.375  0.136    -0.431  0.101    -0.429  0.090    -0.350  0.091    -0.335  0.094
  1910     6    -0.457  0.250    -0.442  0.108    -0.429  0.090    -0.348  0.090    -0.335  0.094
  1910     7    -0.346  0.214    -0.456  0.102    -0.430  0.090    -0.347  0.091    -0.336  0.095
  1910     8    -0.384  0.123    -0.472  0.109    -0.432  0.089    -0.345  0.093    -0.336  0.095
  1910     9    -0.403  0.227    -0.479  0.107    -0.429  0.088    -0.344  0.094    -0.336  0.095
  1910    10    -0.375  0.201    -0.482  0.097    -0.426  0.088    -0.343  0.093    -0.337  0.094
  1910    11    -0.574  0.227    -0.492  0.087    -0.426  0.088    -0.341  0.093    -0.338  0.094
  1910    12    -0.566  0.202    -0.496  0.085    -0.426  0.087    -0.342  0.092    -0.339  0.093
  1911     1    -0.535  0.161    -0.508  0.082    -0.427  0.086    -0.342  0.092    -0.339  0.093
  1911     2    -0.600  0.155    -0.515  0.082    -0.424  0.086    -0.341  0.093    -0.339  0.092
  1911     3    -0.601  0.182    -0.519  0.082    -0.425  0.086    -0.343  0.093    -0.340  0.092
  1911     4    -0.567  0.071    -0.507  0.084    -0.424  0.085    -0.345  0.093    -0.342  0.092
  1911     5    -0.498  0.146    -0.479  0.087    -0.418  0.086    -0.345  0.093    -0.342  0.092
  1911     6    -0.497  0.182    -0.441  0.087    -0.409  0.084    -0.347  0.092    -0.342  0.092
  1911     7    -0.500  0.136    -0.413  0.094    -0.399  0.086    -0.347  0.092    -0.342  0.091
  1911     8    -0.462  0.156    -0.376  0.101    -0.394  0.085    -0.348  0.093    -0.342  0.092
  1911     9    -0.457  0.172    -0.354  0.107    -0.391  0.085    -0.348  0.092    -0.341  0.092
  1911    10    -0.224  0.146    -0.328  0.112    -0.387  0.087    -0.351  0.092    -0.340  0.092
  1911    11    -0.235  0.160    -0.309  0.109    -0.384  0.089    -0.353  0.092    -0.339  0.091
  1911    12    -0.112  0.154    -0.284  0.112    -0.381  0.088    -0.357  0.092    -0.339  0.091
  1912     1    -0.204  0.199    -0.269  0.108    -0.375  0.086    -0.358  0.093    -0.339  0.092
  1912     2    -0.150  0.227    -0.271  0.104    -0.372  0.088    -0.360  0.092    -0.340  0.092
  1912     3    -0.348  0.236    -0.278  0.102    -0.370  0.087    -0.364  0.093    -0.340  0.092
  1912     4    -0.250  0.162    -0.302  0.111    -0.363  0.086    -0.365  0.094    -0.339  0.092
  1912     5    -0.274  0.132    -0.316  0.112    -0.359  0.086    -0.365  0.094    -0.339  0.093
  1912     6    -0.193  0.232    -0.339  0.114    -0.354  0.088    -0.365  0.094    -0.339  0.093
  1912     7    -0.316  0.125    -0.362  0.111    -0.351  0.090    -0.364  0.094    -0.338  0.093
  1912     8    -0.494  0.139    -0.390  0.109    -0.348  0.094    -0.362  0.094    -0.338  0.093
  1912     9    -0.541  0.202    -0.400  0.103    -0.339  0.094    -0.360  0.095    -0.338  0.093
  1912    10    -0.512  0.266    -0.409  0.111    -0.331  0.095    -0.361  0.097    -0.338  0.093
  1912    11    -0.394  0.275    -0.421  0.118    -0.326  0.094    -0.361  0.098    -0.337  0.093
  1912    12    -0.398  0.216    -0.441  0.119    -0.319  0.092    -0.364  0.098    -0.336  0.094
  1913     1    -0.473  0.260    -0.447  0.121    -0.315  0.094    -0.364  0.097    -0.336  0.093
  1913     2    -0.486  0.211    -0.434  0.126    -0.311  0.095    -0.366  0.097    -0.337  0.094
  1913     3    -0.472  0.169    -0.426  0.116    -0.307  0.096    -0.365  0.097    -0.337  0.094
  1913     4    -0.355  0.148    -0.408  0.110    -0.303  0.095    -0.364  0.098    -0.337  0.094
  1913     5    -0.424  0.186    -0.392  0.100    -0.294  0.096    -0.364  0.097    -0.336  0.094
  1913     6    -0.425  0.130    -0.355  0.102    -0.289  0.096    -0.364  0.096    -0.335  0.095
  1913     7    -0.387  0.169    -0.320  0.095    -0.283  0.096    -0.364  0.095    -0.334  0.095
  1913     8    -0.343  0.206    -0.299  0.090    -0.275  0.096    -0.363  0.095    -0.333  0.095
  1913     9    -0.438  0.184    -0.289  0.092    -0.270  0.095    -0.362  0.096    -0.332  0.095
  1913    10    -0.303  0.118    -0.286  0.101    -0.266  0.096    -0.359  0.096    -0.330  0.095
  1913    11    -0.198  0.233    -0.277  0.118    -0.263  0.096    -0.355  0.095    -0.328  0.095
  1913    12     0.046  0.261    -0.263  0.117    -0.260  0.095    -0.352  0.096    -0.325  0.094
  1914     1    -0.051  0.250    -0.246  0.122    -0.257  0.094    -0.349  0.097    -0.323  0.094
  1914     2    -0.238  0.117    -0.230  0.133    -0.254  0.096    -0.346  0.098    -0.321  0.094
  1914     3    -0.348  0.222    -0.211  0.124    -0.252  0.096    -0.344  0.098    -0.319  0.094
  1914     4    -0.321  0.248    -0.185  0.117    -0.256  0.095    -0.341  0.098    -0.319  0.094
  1914     5    -0.319  0.217    -0.180  0.116    -0.261  0.096    -0.339  0.097    -0.317  0.095
  1914     6    -0.260  0.169    -0.191  0.116    -0.270  0.098    -0.338  0.097    -0.316  0.095
  1914     7    -0.180  0.146    -0.207  0.125    -0.277  0.097    -0.336  0.098    -0.315  0.095
  1914     8    -0.148  0.156    -0.202  0.138    -0.286  0.097    -0.336  0.099    -0.314  0.094
  1914     9    -0.210  0.107    -0.173  0.141    -0.293  0.099    -0.336  0.100    -0.313  0.094
  1914    10     0.002  0.126    -0.152  0.140    -0.297  0.100    -0.335  0.101    -0.313  0.094
  1914    11    -0.129  0.243    -0.128  0.131    -0.302  0.102    -0.335  0.101    -0.312  0.094
  1914    12    -0.094  0.270    -0.112  0.130    -0.306  0.103    -0.334  0.100    -0.312  0.093
  1915     1    -0.237  0.295    -0.107  0.141    -0.304  0.105    -0.333  0.099    -0.312  0.093
  1915     2    -0.177  0.269    -0.103  0.137    -0.300  0.107    -0.332  0.098    -0.312  0.093
  1915     3     0.002  0.278    -0.100  0.145    -0.294  0.109    -0.329  0.098    -0.311  0.092
  1915     4    -0.074  0.282    -0.110  0.142    -0.292  0.112    -0.327  0.098    -0.310  0.093
  1915     5    -0.034  0.208    -0.105  0.139    -0.293  0.114    -0.325  0.099    -0.309  0.093
  1915     6    -0.062  0.147    -0.116  0.133    -0.298  0.116    -0.322  0.098    -0.309  0.093
  1915     7    -0.122  0.225    -0.114  0.122    -0.299  0.114    -0.322  0.098    -0.309  0.093
  1915     8    -0.101  0.258    -0.109  0.114    -0.301  0.114    -0.320  0.099    -0.308  0.094
  1915     9    -0.177  0.252    -0.136  0.109    -0.301  0.116    -0.318  0.099    -0.308  0.094
  1915    10    -0.117  0.160    -0.156  0.101    -0.303  0.117    -0.316  0.100    -0.307  0.094
  1915    11    -0.060  0.180    -0.177  0.099    -0.303  0.117    -0.313  0.099    -0.306  0.094
  1915    12    -0.237  0.210    -0.201  0.108    -0.302  0.116    -0.311  0.099    -0.305  0.094
  1916     1    -0.206  0.139    -0.215  0.097    -0.300  0.118    -0.308  0.099    -0.304  0.094
  1916     2    -0.118  0.157    -0.231  0.110    -0.302  0.120    -0.304  0.099    -0.303  0.094
  1916     3    -0.328  0.166    -0.246  0.114    -0.298  0.119    -0.302  0.099    -0.302  0.094
  1916     4    -0.310  0.178    -0.272  0.115    -0.294  0.120    -0.300  0.100    -0.302  0.095
  1916     5    -0.285  0.196    -0.312  0.117    -0.291  0.118    -0.297  0.101    -0.302  0.095
  1916     6    -0.354  0.200    -0.347  0.118    -0.296  0.118    -0.295  0.101    -0.301  0.095
  1916     7    -0.285  0.127    -0.382  0.120    -0.299  0.119    -0.291  0.101    -0.301  0.095
  1916     8    -0.302  0.319    -0.430  0.118    -0.298  0.120    -0.289  0.102    -0.301  0.095
  1916     9    -0.357  0.133    -0.469  0.130    -0.298  0.121    -0.286  0.102    -0.300  0.095
  1916    10    -0.426  0.136    -0.484  0.131    -0.296  0.120    -0.284  0.100    -0.299  0.095
  1916    11    -0.539  0.219    -0.506  0.132    -0.294  0.117    -0.283  0.101    -0.298  0.095
  1916    12    -0.660  0.243    -0.512  0.139    -0.295  0.118    -0.283  0.101    -0.298  0.095
  1917     1    -0.624  0.212    -0.507  0.153    -0.297  0.121    -0.283  0.101    -0.297  0.095
  1917     2    -0.689  0.198    -0.502  0.150    -0.300  0.122    -0.285  0.101    -0.296  0.095
  1917     3    -0.798  0.310    -0.487  0.154    -0.302  0.125    -0.284  0.101    -0.296  0.095
  1917     4    -0.494  0.220    -0.484  0.165    -0.306  0.127    -0.282  0.102    -0.295  0.095
  1917     5    -0.545  0.279    -0.477  0.174    -0.310  0.126    -0.283  0.103    -0.294  0.095
  1917     6    -0.427  0.260    -0.482  0.172    -0.315  0.123    -0.283  0.104    -0.292  0.095
  1917     7    -0.224  0.274    -0.471  0.170    -0.314  0.120    -0.282  0.105    -0.291  0.095
  1917     8    -0.246  0.215    -0.464  0.177    -0.316  0.118    -0.281  0.105    -0.289  0.095
  1917     9    -0.177  0.231    -0.438  0.172    -0.319  0.117    -0.279  0.105    -0.288  0.095
  1917    10    -0.387  0.273    -0.436  0.177    -0.322  0.116    -0.277  0.104    -0.286  0.095
  1917    11    -0.457  0.326    -0.427  0.176    -0.324  0.118    -0.275  0.105    -0.284  0.095
  1917    12    -0.720  0.208    -0.422  0.162    -0.326  0.120    -0.274  0.105    -0.284  0.095
  1918     1    -0.493  0.284    -0.428  0.149    -0.328  0.119    -0.272  0.103    -0.282  0.095
  1918     2    -0.602  0.213    -0.442  0.141    -0.330  0.120    -0.271  0.103    -0.281  0.094
  1918     3    -0.487  0.238    -0.444  0.133    -0.329  0.120    -0.270  0.103    -0.279  0.094
  1918     4    -0.465  0.176    -0.416  0.132    -0.329  0.119    -0.270  0.104    -0.277  0.094
  1918     5    -0.434  0.250    -0.382  0.124    -0.331  0.118    -0.268  0.104    -0.277  0.094
  1918     6    -0.373  0.217    -0.341  0.126    -0.333  0.116    -0.266  0.104    -0.276  0.094
  1918     7    -0.291  0.224    -0.320  0.131    -0.332  0.116    -0.264  0.105    -0.275  0.093
  1918     8    -0.412  0.192    -0.285  0.136    -0.334  0.116    -0.264  0.106    -0.273  0.093
  1918     9    -0.206  0.188    -0.275  0.140    -0.334  0.116    -0.262  0.106    -0.273  0.093
  1918    10    -0.055  0.284    -0.250  0.146    -0.333  0.117    -0.260  0.106    -0.271  0.092
  1918    11    -0.044  0.270    -0.233  0.142    -0.332  0.118    -0.258  0.105    -0.270  0.092
  1918    12    -0.229  0.258    -0.226  0.150    -0.329  0.116    -0.258  0.105    -0.268  0.092
  1919     1    -0.240  0.240    -0.228  0.163    -0.326  0.117    -0.260  0.105    -0.266  0.092
  1919     2    -0.188  0.295    -0.222  0.161    -0.323  0.116    -0.259  0.105    -0.266  0.092
  1919     3    -0.367  0.274    -0.231  0.166    -0.320  0.115    -0.257  0.105    -0.265  0.091
  1919     4    -0.163  0.219    -0.248  0.159    -0.313  0.114    -0.256  0.105    -0.265  0.092
  1919     5    -0.231  0.164    -0.276  0.155    -0.305  0.113    -0.255  0.104    -0.264  0.091
  1919     6    -0.283  0.165    -0.287  0.145    -0.296  0.112    -0.254  0.106    -0.263  0.091
  1919     7    -0.319  0.253    -0.283  0.135    -0.290  0.112    -0.254  0.107    -0.262  0.091
  1919     8    -0.342  0.277    -0.293  0.123    -0.284  0.112    -0.256  0.106    -0.262  0.091
  1919     9    -0.312  0.210    -0.276  0.121    -0.274  0.109    -0.256  0.107    -0.261  0.091
  1919    10    -0.258  0.186    -0.283  0.115    -0.267  0.110    -0.258  0.107    -0.260  0.091
  1919    11    -0.377  0.215    -0.278  0.125    -0.263  0.111    -0.259  0.107    -0.259  0.091
  1919    12    -0.367  0.230    -0.267  0.129    -0.261  0.111    -0.261  0.106    -0.259  0.090
  1920     1    -0.190  0.217    -0.265  0.122    -0.260  0.110    -0.262  0.105    -0.258  0.090
  1920     2    -0.308  0.192    -0.252  0.113    -0.261  0.109    -0.264  0.104    -0.258  0.090
  1920     3    -0.163  0.228    -0.236  0.109    -0.264  0.107    -0.267  0.103    -0.256  0.090
  1920     4    -0.242  0.138    -0.226  0.106    -0.261  0.105    -0.268  0.103    -0.255  0.090
  1920     5    -0.175  0.230    -0.209  0.102    -0.257  0.103    -0.269  0.103    -0.253  0.089
  1920     6    -0.155  0.174    -0.206  0.105    -0.249  0.101    -0.270  0.104    -0.252  0.089
  1920     7    -0.284  0.238    -0.205  0.103    -0.245  0.101    -0.271  0.104    -0.250  0.089
  1920     8    -0.198  0.177    -0.196  0.104    -0.241  0.103    -0.271  0.103    -0.249  0.089
  1920     9    -0.120  0.153    -0.209  0.098    -0.239  0.103    -0.272  0.103    -0.247  0.089
  1920    10    -0.136  0.216    -0.211  0.098    -0.237  0.103    -0.271  0.104    -0.246  0.089
  1920    11    -0.164  0.137    -0.217  0.091    -0.233  0.104    -0.271  0.104    -0.242  0.089
  1920    12    -0.338  0.126    -0.218  0.088    -0.229  0.106    -0.268  0.103    -0.240  0.089
  1921     1    -0.178  0.104    -0.201  0.086    -0.228  0.107    -0.265  0.104    -0.238  0.089
  1921     2    -0.203  0.134    -0.197  0.089    -0.226  0.107    -0.264  0.104    -0.236  0.090
  1921     3    -0.313  0.188    -0.199  0.090    -0.227  0.107    -0.261  0.104    -0.234  0.089
  1921     4    -0.274  0.253    -0.189  0.086    -0.227  0.106    -0.259  0.104    -0.232  0.089
  1921     5    -0.245  0.149    -0.183  0.101    -0.225  0.105    -0.258  0.104    -0.231  0.089
  1921     6    -0.167  0.267    -0.162  0.106    -0.220  0.103    -0.256  0.106    -0.229  0.089
  1921     7    -0.078  0.192    -0.170  0.109    -0.221  0.102    -0.255  0.106    -0.227  0.089
  1921     8    -0.144  0.191    -0.180  0.115    -0.220  0.100    -0.254  0.105    -0.225  0.089
  1921     9    -0.148  0.198    -0.170  0.118    -0.215  0.100    -0.252  0.105    -0.223  0.088
  1921    10    -0.021  0.188    -0.157  0.120    -0.217  0.099    -0.248  0.105    -0.221  0.088
  1921    11    -0.086  0.236    -0.161  0.127    -0.215  0.102    -0.243  0.105    -0.220  0.088
  1921    12    -0.091  0.147    -0.172  0.141    -0.213  0.102    -0.239  0.104    -0.220  0.088
  1922     1    -0.275  0.192    -0.180  0.142    -0.211  0.103    -0.236  0.105    -0.218  0.087
  1922     2    -0.318  0.271    -0.194  0.146    -0.211  0.102    -0.231  0.104    -0.219  0.086
  1922     3    -0.194  0.212    -0.207  0.138    -0.211  0.102    -0.227  0.103    -0.218  0.086
  1922     4    -0.117  0.190    -0.225  0.139    -0.210  0.102    -0.225  0.103    -0.217  0.087
  1922     5    -0.291  0.244    -0.235  0.138    -0.207  0.102    -0.222  0.102    -0.216  0.087
  1922     6    -0.296  0.204    -0.247  0.134    -0.207  0.103    -0.219  0.102    -0.216  0.087
  1922     7    -0.176  0.164    -0.246  0.121    -0.210  0.104    -0.218  0.102    -0.215  0.087
  1922     8    -0.316  0.203    -0.250  0.113    -0.212  0.104    -0.216  0.102    -0.213  0.087
  1922     9    -0.306  0.232    -0.266  0.115    -0.214  0.103    -0.216  0.102    -0.211  0.087
  1922    10    -0.237  0.135    -0.281  0.115    -0.214  0.103    -0.212  0.101    -0.209  0.086
  1922    11    -0.207  0.180    -0.276  0.106    -0.214  0.102    -0.208  0.100    -0.208  0.086
  1922    12    -0.233  0.136    -0.262  0.101    -0.215  0.104    -0.204  0.099    -0.207  0.086
  1923     1    -0.261  0.152    -0.268  0.099    -0.213  0.105    -0.199  0.100    -0.206  0.085
  1923     2    -0.370  0.183    -0.263  0.097    -0.213  0.104    -0.195  0.100    -0.205  0.084
  1923     3    -0.389  0.218    -0.260  0.103    -0.214  0.103    -0.193  0.100    -0.204  0.084
  1923     4    -0.296  0.171    -0.244  0.109    -0.213  0.103    -0.191  0.100    -0.203  0.084
  1923     5    -0.226  0.109    -0.224  0.109    -0.210  0.105    -0.189  0.101    -0.202  0.084
  1923     6    -0.129  0.179    -0.198  0.108    -0.203  0.104    -0.187  0.102    -0.201  0.084
  1923     7    -0.245  0.138    -0.199  0.116    -0.197  0.105    -0.186  0.102    -0.200  0.084
  1923     8    -0.257  0.122    -0.181  0.116    -0.194  0.105    -0.184  0.102    -0.200  0.083
  1923     9    -0.277  0.156    -0.153  0.121    -0.188  0.106    -0.183  0.101    -0.199  0.083
  1923    10    -0.040  0.179    -0.152  0.120    -0.185  0.108    -0.184  0.100    -0.198  0.083
  1923    11     0.027  0.148    -0.145  0.130    -0.184  0.108    -0.184  0.100    -0.198  0.082
  1923    12     0.080  0.101    -0.147  0.131    -0.183  0.111    -0.183  0.099    -0.200  0.082
  1924     1    -0.264  0.180    -0.144  0.135    -0.185  0.111    -0.184  0.098    -0.201  0.081
  1924     2    -0.159  0.177    -0.151  0.131    -0.185  0.110    -0.186  0.096    -0.200  0.081
  1924     3    -0.057  0.230    -0.151  0.133    -0.184  0.109    -0.186  0.095    -0.200  0.081
  1924     4    -0.280  0.169    -0.166  0.132    -0.183  0.110    -0.188  0.095    -0.199  0.080
  1924     5    -0.144  0.223    -0.183  0.131    -0.181  0.110    -0.189  0.095    -0.198  0.080
  1924     6    -0.148  0.185    -0.221  0.129    -0.182  0.109    -0.189  0.094    -0.197  0.080
  1924     7    -0.213  0.209    -0.232  0.123    -0.181  0.108    -0.189  0.094    -0.197  0.081
  1924     8    -0.334  0.116    -0.255  0.118    -0.178  0.105    -0.187  0.094    -0.197  0.080
  1924     9    -0.283  0.181    -0.272  0.108    -0.180  0.104    -0.187  0.093    -0.196  0.080
  1924    10    -0.224  0.196    -0.268  0.107    -0.183  0.104    -0.186  0.091    -0.196  0.080
  1924    11    -0.175  0.178    -0.270  0.104    -0.180  0.102    -0.183  0.091    -0.194  0.080
  1924    12    -0.367  0.113    -0.274  0.109    -0.178  0.102    -0.184  0.090    -0.194  0.079
  1925     1    -0.405  0.196    -0.274  0.106    -0.176  0.102    -0.184  0.090    -0.194  0.079
  1925     2    -0.426  0.165    -0.260  0.105    -0.172  0.102    -0.183  0.091    -0.193  0.078
  1925     3    -0.265  0.137    -0.253  0.099    -0.168  0.102    -0.183  0.091    -0.193  0.078
  1925     4    -0.233  0.127    -0.239  0.098    -0.162  0.102    -0.182  0.090    -0.194  0.077
  1925     5    -0.167  0.188    -0.225  0.100    -0.158  0.101    -0.182  0.089    -0.195  0.076
  1925     6    -0.196  0.193    -0.186  0.100    -0.159  0.101    -0.181  0.089    -0.195  0.076
  1925     7    -0.218  0.183    -0.138  0.103    -0.154  0.102    -0.179  0.088    -0.194  0.076
  1925     8    -0.167  0.165    -0.105  0.097    -0.149  0.101    -0.177  0.088    -0.194  0.075
  1925     9    -0.190  0.166    -0.079  0.104    -0.147  0.100    -0.177  0.088    -0.194  0.075
  1925    10    -0.056  0.187    -0.067  0.110    -0.145  0.101    -0.175  0.088    -0.193  0.075
  1925    11    -0.011  0.185    -0.067  0.111    -0.145  0.101    -0.172  0.088    -0.194  0.074
  1925    12     0.102  0.109    -0.061  0.117    -0.146  0.100    -0.169  0.088    -0.193  0.074
  1926     1     0.165  0.177    -0.059  0.117    -0.144  0.100    -0.168  0.088    -0.194  0.074
  1926     2    -0.024  0.188    -0.056  0.121    -0.142  0.099    -0.168  0.088    -0.194  0.074
  1926     3     0.045  0.187    -0.049  0.121    -0.140  0.098    -0.166  0.087    -0.194  0.073
  1926     4    -0.094  0.207    -0.038  0.119    -0.141  0.095    -0.165  0.087    -0.193  0.073
  1926     5    -0.168  0.114    -0.037  0.116    -0.143  0.096    -0.165  0.086    -0.192  0.073
  1926     6    -0.118  0.249    -0.060  0.118    -0.147  0.096    -0.163  0.086    -0.191  0.073
  1926     7    -0.196  0.218    -0.092  0.125    -0.148  0.096    -0.162  0.086    -0.190  0.072
  1926     8    -0.133  0.166    -0.100  0.123    -0.152  0.095    -0.161  0.085    -0.188  0.072
  1926     9    -0.100  0.181    -0.130  0.120    -0.158  0.093    -0.159  0.085    -0.187  0.072
  1926    10     0.072  0.153    -0.145  0.114    -0.159  0.093    -0.158  0.085    -0.184  0.072
  1926    11     0.004  0.165    -0.142  0.112    -0.163  0.091    -0.157  0.084    -0.182  0.072
  1926    12    -0.169  0.131    -0.145  0.107    -0.164  0.091    -0.156  0.083    -0.179  0.071
  1927     1    -0.224  0.229    -0.133  0.104    -0.166  0.090    -0.153  0.081    -0.177  0.071
  1927     2    -0.125  0.113    -0.128  0.106    -0.163  0.090    -0.153  0.080    -0.173  0.071
  1927     3    -0.308  0.166    -0.129  0.104    -0.163  0.089    -0.152  0.079    -0.171  0.070
  1927     4    -0.279  0.196    -0.123  0.104    -0.161  0.087    -0.151  0.080    -0.169  0.070
  1927     5    -0.131  0.130    -0.121  0.101    -0.159  0.085    -0.149  0.079    -0.167  0.070
  1927     6    -0.151  0.195    -0.128  0.103    -0.160  0.084    -0.148  0.078    -0.164  0.070
  1927     7    -0.048  0.120    -0.108  0.099    -0.157  0.084    -0.147  0.077    -0.163  0.069
  1927     8    -0.071  0.125    -0.106  0.103    -0.154  0.084    -0.145  0.076    -0.161  0.069
  1927     9    -0.114  0.157    -0.099  0.101    -0.152  0.085    -0.142  0.076    -0.160  0.069
  1927    10     0.144  0.162    -0.091  0.104    -0.151  0.085    -0.141  0.076    -0.157  0.068
  1927    11     0.022  0.183    -0.098  0.105    -0.150  0.083    -0.141  0.075    -0.154  0.068
  1927    12    -0.256  0.186    -0.102  0.100    -0.147  0.083    -0.140  0.075    -0.151  0.067
  1928     1     0.016  0.175    -0.109  0.096    -0.144  0.081    -0.139  0.075    -0.149  0.068
  1928     2    -0.092  0.154    -0.116  0.095    -0.141  0.082    -0.138  0.074    -0.146  0.068
  1928     3    -0.232  0.164    -0.119  0.100    -0.139  0.081    -0.138  0.073    -0.143  0.068
  1928     4    -0.174  0.206    -0.138  0.095    -0.138  0.081    -0.137  0.072    -0.141  0.068
  1928     5    -0.217  0.163    -0.151  0.104    -0.134  0.080    -0.137  0.072    -0.139  0.068
  1928     6    -0.200  0.202    -0.138  0.104    -0.135  0.081    -0.137  0.072    -0.138  0.068
  1928     7    -0.137  0.147    -0.166  0.104    -0.139  0.081    -0.136  0.070    -0.137  0.068
  1928     8    -0.153  0.209    -0.196  0.111    -0.142  0.080    -0.135  0.069    -0.135  0.068
  1928     9    -0.152  0.164    -0.208  0.109    -0.145  0.079    -0.135  0.069    -0.133  0.068
  1928    10    -0.083  0.119    -0.226  0.103    -0.145  0.077    -0.135  0.068    -0.132  0.068
  1928    11    -0.132  0.227    -0.238  0.099    -0.145  0.075    -0.138  0.067    -0.131  0.067
  1928    12    -0.101  0.145    -0.239  0.095    -0.143  0.071    -0.142  0.067    -0.131  0.067
  1929     1    -0.325  0.204    -0.255  0.093    -0.139  0.069    -0.141  0.066    -0.130  0.066
  1929     2    -0.443  0.186    -0.255  0.086    -0.137  0.068    -0.140  0.066    -0.129  0.065
  1929     3    -0.381  0.186    -0.264  0.080    -0.134  0.068    -0.142  0.065    -0.129  0.064
  1929     4    -0.384  0.124    -0.267  0.080    -0.133  0.067    -0.142  0.065    -0.128  0.064
  1929     5    -0.366  0.137    -0.263  0.068    -0.133  0.066    -0.142  0.064    -0.126  0.064
  1929     6    -0.208  0.147    -0.290  0.064    -0.130  0.066    -0.141  0.064    -0.125  0.064
  1929     7    -0.328  0.135    -0.282  0.057    -0.125  0.063    -0.139  0.063    -0.123  0.064
  1929     8    -0.155  0.099    -0.265  0.058    -0.127  0.063    -0.137  0.063    -0.121  0.064
  1929     9    -0.266  0.092    -0.243  0.060    -0.124  0.063    -0.136  0.062    -0.119  0.064
  1929    10    -0.114  0.095    -0.226  0.060    -0.119  0.065    -0.133  0.061    -0.118  0.064
  1929    11    -0.082  0.113    -0.203  0.053    -0.118  0.065    -0.130  0.061    -0.116  0.064
  1929    12    -0.424  0.135    -0.187  0.055    -0.118  0.064    -0.127  0.060    -0.113  0.064
  1930     1    -0.229  0.111    -0.163  0.054    -0.118  0.063    -0.126  0.060    -0.112  0.064
  1930     2    -0.246  0.118    -0.150  0.054    -0.118  0.062    -0.121  0.059    -0.109  0.064
  1930     3    -0.112  0.192    -0.134  0.059    -0.116  0.062    -0.120  0.059    -0.108  0.063
  1930     4    -0.177  0.136    -0.123  0.068    -0.119  0.061    -0.120  0.059    -0.106  0.063
  1930     5    -0.092  0.101    -0.099  0.078    -0.123  0.061    -0.120  0.058    -0.104  0.063
  1930     6    -0.022  0.214    -0.061  0.080    -0.121  0.060    -0.120  0.056    -0.103  0.064
  1930     7    -0.036  0.172    -0.047  0.080    -0.125  0.058    -0.118  0.056    -0.101  0.064
  1930     8    -0.003  0.126    -0.042  0.074    -0.127  0.059    -0.117  0.056    -0.100  0.064
  1930     9    -0.074  0.107    -0.043  0.073    -0.129  0.056    -0.116  0.055    -0.098  0.065
  1930    10     0.023  0.143    -0.039  0.072    -0.129  0.055    -0.116  0.054    -0.097  0.065
  1930    11     0.200  0.164    -0.045  0.072    -0.128  0.054    -0.117  0.053    -0.096  0.065
  1930    12     0.036  0.163    -0.043  0.066    -0.128  0.054    -0.119  0.053    -0.093  0.065
  1931     1    -0.054  0.143    -0.035  0.069    -0.129  0.051    -0.123  0.053    -0.093  0.065
  1931     2    -0.193  0.132    -0.034  0.074    -0.129  0.049    -0.125  0.054    -0.092  0.065
  1931     3    -0.118  0.137    -0.026  0.081    -0.130  0.049    -0.127  0.053    -0.091  0.065
  1931     4    -0.135  0.172    -0.015  0.079    -0.130  0.050    -0.127  0.052    -0.089  0.065
  1931     5    -0.163  0.126    -0.031  0.081    -0.132  0.047    -0.127  0.051    -0.088  0.065
  1931     6    -0.005  0.180    -0.034  0.079    -0.137  0.046    -0.126  0.050    -0.087  0.065
  1931     7     0.062  0.212    -0.022  0.077    -0.135  0.045    -0.124  0.049    -0.086  0.065
  1931     8     0.016  0.222    -0.025  0.082    -0.128  0.046    -0.122  0.049    -0.085  0.065
  1931     9     0.021  0.228    -0.027  0.082    -0.127  0.047    -0.122  0.050    -0.084  0.065
  1931    10     0.156  0.157    -0.016  0.087    -0.125  0.047    -0.121  0.049    -0.083  0.065
  1931    11     0.007  0.170    -0.009  0.087    -0.120  0.048    -0.121  0.048    -0.083  0.065
  1931    12    -0.009  0.116    -0.018  0.089    -0.117  0.048    -0.119  0.048    -0.082  0.065
  1932     1     0.101  0.078    -0.027  0.081    -0.113  0.048    -0.118  0.047    -0.080  0.066
  1932     2    -0.235  0.120    -0.037  0.073    -0.112  0.048    -0.116  0.048    -0.079  0.066
  1932     3    -0.135  0.133    -0.038  0.066    -0.108  0.049    -0.114  0.047    -0.078  0.066
  1932     4    -0.012  0.203    -0.054  0.057    -0.105  0.050    -0.112  0.047    -0.078  0.066
  1932     5    -0.069  0.137    -0.072  0.060    -0.101  0.050    -0.111  0.047    -0.076  0.065
  1932     6    -0.119  0.145    -0.084  0.064    -0.094  0.050    -0.109  0.047    -0.075  0.065
  1932     7    -0.045  0.203    -0.109  0.066    -0.095  0.050    -0.108  0.046    -0.074  0.066
  1932     8    -0.108  0.207    -0.108  0.073    -0.088  0.050    -0.106  0.046    -0.073  0.066
  1932     9     0.015  0.148    -0.123  0.070    -0.089  0.049    -0.103  0.047    -0.072  0.065
  1932    10    -0.032  0.129    -0.139  0.064    -0.089  0.050    -0.102  0.048    -0.071  0.065
  1932    11    -0.215  0.124    -0.148  0.075    -0.091  0.051    -0.101  0.049    -0.071  0.066
  1932    12    -0.150  0.130    -0.153  0.074    -0.092  0.050    -0.099  0.049    -0.070  0.066
  1933     1    -0.197  0.116    -0.164  0.064    -0.092  0.051    -0.098  0.049    -0.069  0.066
  1933     2    -0.232  0.131    -0.167  0.061    -0.093  0.049    -0.096  0.049    -0.067  0.066
  1933     3    -0.307  0.094    -0.188  0.066    -0.093  0.050    -0.093  0.049    -0.066  0.066
  1933     4    -0.206  0.096    -0.191  0.064    -0.093  0.050    -0.091  0.048    -0.065  0.067
  1933     5    -0.182  0.147    -0.195  0.067    -0.100  0.051    -0.090  0.047    -0.064  0.067
  1933     6    -0.175  0.169    -0.217  0.068    -0.103  0.050    -0.089  0.046    -0.063  0.067
  1933     7    -0.184  0.182    -0.219  0.064    -0.106  0.051    -0.087  0.045    -0.062  0.068
  1933     8    -0.139  0.156    -0.202  0.064    -0.108  0.051    -0.086  0.046    -0.061  0.068
  1933     9    -0.241  0.138    -0.202  0.072    -0.109  0.049    -0.083  0.047    -0.060  0.068
  1933    10    -0.065  0.120    -0.206  0.080    -0.109  0.047    -0.081  0.048    -0.058  0.068
  1933    11    -0.265  0.168    -0.198  0.077    -0.108  0.048    -0.078  0.047    -0.058  0.068
  1933    12    -0.407  0.138    -0.184  0.068    -0.108  0.046    -0.078  0.048    -0.058  0.068
  1934     1    -0.220  0.070    -0.173  0.074    -0.109  0.045    -0.075  0.048    -0.055  0.068
  1934     2    -0.029  0.131    -0.171  0.069    -0.108  0.046    -0.072  0.048    -0.054  0.069
  1934     3    -0.306  0.137    -0.156  0.077    -0.109  0.047    -0.071  0.047    -0.053  0.069
  1934     4    -0.262  0.141    -0.143  0.072    -0.109  0.047    -0.067  0.047    -0.052  0.069
  1934     5    -0.078  0.150    -0.105  0.073    -0.110  0.046    -0.063  0.047    -0.050  0.069
  1934     6    -0.016  0.147    -0.074  0.066    -0.108  0.046    -0.060  0.048    -0.050  0.069
  1934     7    -0.052  0.123    -0.079  0.069    -0.111  0.046    -0.057  0.048    -0.048  0.069
  1934     8    -0.106  0.180    -0.064  0.063    -0.105  0.047    -0.055  0.048    -0.046  0.070
  1934     9    -0.065  0.162    -0.049  0.064    -0.104  0.047    -0.052  0.050    -0.044  0.070
  1934    10     0.084  0.118    -0.045  0.061    -0.105  0.046    -0.051  0.051    -0.042  0.070
  1934    11     0.191  0.098    -0.055  0.064    -0.104  0.049    -0.049  0.051    -0.041  0.070
  1934    12    -0.031  0.123    -0.063  0.065    -0.101  0.050    -0.042  0.052    -0.039  0.071
  1935     1    -0.275  0.102    -0.059  0.071    -0.098  0.049    -0.039  0.053    -0.037  0.071
  1935     2     0.149  0.153    -0.055  0.061    -0.094  0.052    -0.035  0.054    -0.035  0.071
  1935     3    -0.130  0.138    -0.058  0.057    -0.091  0.053    -0.033  0.053    -0.034  0.072
  1935     4    -0.214  0.164    -0.064  0.059    -0.086  0.055    -0.029  0.055    -0.032  0.073
  1935     5    -0.199  0.175    -0.098  0.059    -0.079  0.056    -0.027  0.056    -0.032  0.073
  1935     6    -0.107  0.191    -0.105  0.060    -0.076  0.056    -0.025  0.057    -0.031  0.074
  1935     7    -0.004  0.147    -0.105  0.059    -0.071  0.055    -0.023  0.058    -0.030  0.074
  1935     8    -0.061  0.169    -0.141  0.055    -0.065  0.055    -0.022  0.059    -0.028  0.074
  1935     9    -0.100  0.123    -0.146  0.050    -0.058  0.056    -0.020  0.060    -0.027  0.074
  1935    10     0.015  0.196    -0.138  0.049    -0.054  0.056    -0.019  0.061    -0.026  0.074
  1935    11    -0.216  0.101    -0.130  0.045    -0.051  0.055    -0.020  0.062    -0.026  0.075
  1935    12    -0.125  0.114    -0.123  0.052    -0.049  0.055    -0.018  0.063    -0.027  0.075
  1936     1    -0.266  0.128    -0.119  0.057    -0.045  0.056    -0.018  0.064    -0.027  0.075
  1936     2    -0.280  0.119    -0.111  0.064    -0.043  0.060    -0.016  0.065    -0.028  0.075
  1936     3    -0.192  0.086    -0.104  0.070    -0.037  0.060    -0.015  0.065    -0.028  0.075
  1936     4    -0.122  0.117    -0.096  0.070    -0.031  0.062    -0.014  0.066    -0.028  0.075
  1936     5    -0.101  0.124    -0.078  0.067    -0.025  0.063    -0.012  0.067    -0.027  0.076
  1936     6    -0.024  0.121    -0.062  0.061    -0.019  0.064    -0.010  0.066    -0.027  0.076
  1936     7     0.041  0.190    -0.042  0.058    -0.016  0.064    -0.009  0.066    -0.027  0.076
  1936     8     0.037  0.168    -0.010  0.059    -0.016  0.063    -0.009  0.066    -0.026  0.076
  1936     9    -0.009  0.146    -0.003  0.065    -0.014  0.062    -0.010  0.068    -0.026  0.076
  1936    10     0.110  0.209     0.004  0.071    -0.010  0.061    -0.009  0.068    -0.027  0.077
  1936    11    -0.005  0.094     0.010  0.079    -0.006  0.062    -0.009  0.070    -0.027  0.077
  1936    12     0.072  0.064     0.018  0.081    -0.004  0.064    -0.008  0.071    -0.027  0.077
  1937     1    -0.037  0.105     0.026  0.082    -0.002  0.063    -0.007  0.073    -0.026  0.077
  1937     2     0.104  0.079     0.034  0.094     0.001  0.063    -0.005  0.074    -0.026  0.078
  1937     3    -0.106  0.099     0.053  0.090     0.004  0.065    -0.004  0.075    -0.024  0.077
  1937     4    -0.037  0.151     0.066  0.089     0.003  0.065    -0.004  0.075    -0.023  0.077
  1937     5    -0.029  0.169     0.080  0.097     0.002  0.066    -0.003  0.076    -0.022  0.077
  1937     6     0.070  0.176     0.079  0.099     0.010  0.068    -0.002  0.077    -0.021  0.078
  1937     7     0.144  0.167     0.092  0.103     0.017  0.069    -0.002  0.078    -0.021  0.078
  1937     8     0.131  0.236     0.092  0.105     0.018  0.071    -0.002  0.079    -0.021  0.078
  1937     9     0.221  0.159     0.110  0.106     0.023  0.071    -0.002  0.080    -0.021  0.079
  1937    10     0.268  0.199     0.117  0.103     0.031  0.075    -0.002  0.081    -0.021  0.080
  1937    11     0.154  0.149     0.118  0.101     0.037  0.077    -0.000  0.082    -0.021  0.081
  1937    12     0.061  0.154     0.107  0.101     0.042  0.079     0.001  0.083    -0.021  0.082
  1938     1     0.120  0.136     0.098  0.102     0.045  0.079     0.002  0.085    -0.021  0.083
  1938     2     0.113  0.142     0.090  0.106     0.049  0.083     0.004  0.086    -0.021  0.083
  1938     3     0.099  0.129     0.081  0.106     0.053  0.085     0.006  0.087    -0.021  0.083
  1938     4     0.058  0.142     0.080  0.112     0.056  0.084     0.008  0.089    -0.021  0.083
  1938     5    -0.022  0.083     0.079  0.115     0.061  0.085     0.009  0.089    -0.019  0.084
  1938     6    -0.063  0.163     0.069  0.118     0.067  0.086     0.011  0.090    -0.018  0.084
  1938     7     0.036  0.191     0.057  0.113     0.070  0.087     0.012  0.092    -0.018  0.084
  1938     8     0.035  0.268     0.042  0.105     0.076  0.088     0.014  0.093    -0.017  0.085
  1938     9     0.113  0.156     0.018  0.107     0.079  0.090     0.016  0.094    -0.017  0.086
  1938    10     0.258  0.187     0.015  0.103     0.082  0.094     0.019  0.094    -0.017  0.086
  1938    11     0.141  0.159     0.027  0.103     0.085  0.096     0.022  0.095    -0.017  0.086
  1938    12    -0.064  0.117     0.043  0.103     0.087  0.096     0.027  0.095    -0.017  0.086
  1939     1    -0.024  0.126     0.044  0.092     0.090  0.096     0.031  0.096    -0.016  0.087
  1939     2    -0.057  0.047     0.047  0.076     0.091  0.097     0.032  0.096    -0.015  0.087
  1939     3    -0.197  0.127     0.048  0.075     0.089  0.097     0.036  0.097    -0.014  0.087
  1939     4     0.019  0.108     0.029  0.069     0.091  0.097     0.039  0.097    -0.012  0.087
  1939     5     0.128  0.145     0.026  0.067     0.092  0.100     0.041  0.097    -0.011  0.088
  1939     6     0.126  0.128     0.068  0.070     0.093  0.102     0.041  0.098    -0.011  0.088
  1939     7     0.044  0.138     0.082  0.078     0.098  0.106     0.043  0.100    -0.010  0.089
  1939     8     0.082  0.141     0.105  0.090     0.095  0.109     0.045  0.101    -0.010  0.089
  1939     9     0.116  0.253     0.138  0.100     0.097  0.111     0.048  0.101    -0.009  0.089
  1939    10     0.032  0.113     0.156  0.114     0.097  0.114     0.049  0.101    -0.009  0.090
  1939    11     0.107  0.157     0.161  0.118     0.098  0.113     0.048  0.101    -0.009  0.090
  1939    12     0.444  0.152     0.165  0.124     0.097  0.115     0.050  0.103    -0.008  0.090
  1940     1     0.134  0.157     0.178  0.132     0.094  0.117     0.053  0.104    -0.008  0.091
  1940     2     0.223  0.191     0.183  0.147     0.090  0.118     0.051  0.105    -0.008  0.091
  1940     3     0.198  0.202     0.188  0.144     0.086  0.119     0.052  0.106    -0.009  0.091
  1940     4     0.236  0.301     0.200  0.146     0.081  0.119     0.055  0.108    -0.009  0.092
  1940     5     0.184  0.233     0.198  0.143     0.078  0.121     0.057  0.110    -0.009  0.092
  1940     6     0.172  0.225     0.183  0.140     0.078  0.123     0.058  0.112    -0.009  0.092
  1940     7     0.208  0.149     0.164  0.141     0.075  0.125     0.058  0.112    -0.009  0.093
  1940     8     0.140  0.266     0.152  0.137     0.074  0.126     0.060  0.113    -0.009  0.093
  1940     9     0.174  0.199     0.134  0.140     0.070  0.128     0.061  0.114    -0.010  0.093
  1940    10     0.181  0.243     0.117  0.139     0.069  0.131     0.063  0.115    -0.010  0.092
  1940    11     0.085  0.178     0.107  0.139     0.070  0.132     0.066  0.115    -0.012  0.093
  1940    12     0.258  0.100     0.104  0.135     0.071  0.134     0.066  0.116    -0.013  0.094
  1941     1    -0.095  0.200     0.107  0.135     0.070  0.137     0.068  0.116    -0.014  0.094
  1941     2     0.086  0.166     0.101  0.132     0.070  0.136     0.069  0.116    -0.015  0.094
  1941     3    -0.017  0.210     0.078  0.131     0.069  0.137     0.071  0.117    -0.016  0.094
  1941     4     0.028  0.258     0.081  0.127     0.069  0.137     0.072  0.119    -0.015  0.094
  1941     5     0.068  0.194     0.079  0.138     0.069  0.136     0.073  0.120    -0.014  0.094
  1941     6     0.136  0.187     0.066  0.147     0.072  0.136     0.071  0.120    -0.014  0.094
  1941     7     0.236  0.233     0.094  0.154     0.077  0.139     0.071  0.120    -0.014  0.093
  1941     8     0.072  0.179     0.084  0.169     0.081  0.141     0.069  0.121    -0.013  0.093
  1941     9    -0.106  0.158     0.085  0.170     0.087  0.144     0.069  0.121    -0.013  0.093
  1941    10     0.221  0.146     0.078  0.173     0.088  0.145     0.068  0.122    -0.013  0.093
  1941    11     0.060  0.261     0.076  0.172     0.088  0.145     0.068  0.123    -0.013  0.093
  1941    12     0.107  0.259     0.068  0.181     0.087  0.146     0.065  0.124    -0.012  0.093
  1942     1     0.238  0.261     0.043  0.185     0.088  0.149     0.066  0.125    -0.012  0.093
  1942     2    -0.036  0.294     0.029  0.193     0.090  0.151     0.064  0.125    -0.010  0.093
  1942     3    -0.007  0.249     0.036  0.197     0.092  0.150     0.066  0.125    -0.010  0.093
  1942     4    -0.055  0.306     0.017  0.203     0.095  0.150     0.067  0.125    -0.009  0.092
  1942     5     0.045  0.225     0.010  0.199     0.095  0.151     0.067  0.125    -0.009  0.093
  1942     6     0.038  0.269     0.003  0.193     0.089  0.152     0.067  0.127    -0.008  0.093
  1942     7    -0.058  0.193    -0.023  0.194     0.089  0.153     0.066  0.128    -0.007  0.093
  1942     8    -0.093  0.309    -0.015  0.187     0.085  0.153     0.064  0.128    -0.006  0.093
  1942     9    -0.029  0.268    -0.025  0.183     0.081  0.154     0.061  0.129    -0.006  0.093
  1942    10    -0.001  0.215    -0.019  0.178     0.079  0.155     0.060  0.130    -0.005  0.093
  1942    11    -0.026  0.231    -0.022  0.182     0.076  0.157     0.059  0.131    -0.004  0.093
  1942    12     0.020  0.219    -0.026  0.183     0.074  0.158     0.057  0.132    -0.004  0.093
  1943     1    -0.070  0.263    -0.021  0.190     0.070  0.160     0.056  0.132    -0.002  0.093
  1943     2     0.060  0.197    -0.009  0.184     0.071  0.159     0.054  0.132    -0.001  0.093
  1943     3    -0.134  0.204    -0.006  0.186     0.070  0.160     0.052  0.133     0.001  0.093
  1943     4     0.023  0.276     0.018  0.188     0.071  0.161     0.050  0.133     0.003  0.093
  1943     5     0.013  0.202     0.031  0.180     0.070  0.163     0.051  0.134     0.005  0.093
  1943     6    -0.010  0.228     0.041  0.176     0.064  0.165     0.052  0.135     0.007  0.093
  1943     7     0.001  0.270     0.068  0.173     0.066  0.162     0.052  0.137     0.008  0.093
  1943     8     0.045  0.294     0.077  0.171     0.062  0.163     0.051  0.137     0.009  0.093
  1943     9     0.011  0.177     0.103  0.172     0.062  0.162     0.049  0.138     0.010  0.093
  1943    10     0.287  0.245     0.107  0.168     0.062  0.162     0.047  0.137     0.011  0.093
  1943    11     0.128  0.178     0.118  0.163     0.061  0.162     0.045  0.136     0.012  0.093
  1943    12     0.139  0.161     0.122  0.156     0.055  0.162     0.043  0.136     0.015  0.093
  1944     1     0.260  0.203     0.132  0.156     0.051  0.162     0.044  0.137     0.015  0.093
  1944     2     0.164  0.164     0.144  0.150     0.048  0.163     0.043  0.137     0.015  0.092
  1944     3     0.177  0.186     0.163  0.141     0.049  0.164     0.043  0.138     0.016  0.092
  1944     4     0.069  0.181     0.161  0.136     0.045  0.165     0.042  0.138     0.016  0.092
  1944     5     0.140  0.164     0.154  0.142     0.043  0.164     0.041  0.139     0.016  0.091
  1944     6     0.040  0.199     0.154  0.149     0.038  0.163     0.039  0.140     0.016  0.091
  1944     7     0.125  0.255     0.140  0.149     0.034  0.161     0.037  0.141     0.016  0.091
  1944     8     0.189  0.185     0.126  0.151     0.034  0.157     0.036  0.141     0.016  0.092
  1944     9     0.238  0.104     0.109  0.148     0.035  0.154     0.034  0.141     0.016  0.091
  1944    10     0.260  0.166     0.114  0.158     0.037  0.151     0.033  0.141     0.016  0.091
  1944    11     0.053  0.192     0.102  0.171     0.036  0.152     0.031  0.141     0.016  0.091
  1944    12     0.134  0.208     0.100  0.182     0.036  0.151     0.027  0.141     0.016  0.091
  1945     1     0.087  0.216     0.090  0.181     0.037  0.151     0.023  0.141     0.017  0.090
  1945     2     0.002  0.184     0.092  0.175     0.037  0.149     0.018  0.141     0.016  0.091
  1945     3    -0.025  0.235     0.078  0.186     0.036  0.149     0.015  0.140     0.015  0.090
  1945     4     0.121  0.319     0.076  0.193     0.038  0.149     0.012  0.140     0.015  0.091
  1945     5    -0.006  0.279     0.076  0.193     0.039  0.148     0.010  0.140     0.015  0.091
  1945     6     0.027  0.339     0.055  0.193     0.037  0.149     0.008  0.139     0.015  0.091
  1945     7     0.003  0.245     0.051  0.188     0.038  0.148     0.006  0.140     0.014  0.090
  1945     8     0.209  0.118     0.039  0.188     0.035  0.146     0.004  0.139     0.015  0.091
  1945     9     0.070  0.226     0.038  0.192     0.033  0.147     0.001  0.137     0.015  0.091
  1945    10     0.238  0.230     0.031  0.191     0.031  0.145    -0.001  0.136     0.015  0.090
  1945    11     0.050  0.245     0.032  0.181     0.033  0.145    -0.005  0.137     0.015  0.090
  1945    12    -0.115  0.230     0.013  0.169     0.034  0.146    -0.008  0.137     0.014  0.091
  1946     1     0.041  0.173     0.008  0.161     0.033  0.145    -0.010  0.136     0.015  0.091
  1946     2    -0.144  0.217    -0.018  0.168     0.032  0.145    -0.015  0.136     0.015  0.091
  1946     3    -0.043  0.246    -0.028  0.165     0.030  0.146    -0.016  0.135     0.015  0.091
  1946     4     0.040  0.267    -0.047  0.156     0.026  0.144    -0.017  0.135     0.014  0.091
  1946     5     0.006  0.205    -0.055  0.155     0.021  0.143    -0.017  0.134     0.013  0.092
  1946     6    -0.201  0.209    -0.063  0.149     0.015  0.143    -0.017  0.133     0.013  0.092
  1946     7    -0.054  0.118    -0.069  0.147     0.011  0.142    -0.019  0.133     0.012  0.091
  1946     8    -0.102  0.281    -0.060  0.137     0.005  0.141    -0.018  0.132     0.011  0.091
  1946     9    -0.055  0.212    -0.047  0.122     0.000  0.140    -0.016  0.131     0.010  0.091
  1946    10     0.013  0.239    -0.048  0.110    -0.003  0.140    -0.016  0.131     0.008  0.091
  1946    11    -0.042  0.221    -0.051  0.107    -0.006  0.141    -0.017  0.129     0.008  0.091
  1946    12    -0.215  0.211    -0.028  0.112    -0.009  0.141    -0.016  0.128     0.007  0.091
  1947     1    -0.027  0.158    -0.023  0.121    -0.013  0.141    -0.017  0.127     0.007  0.091
  1947     2    -0.034  0.207    -0.022  0.125    -0.017  0.139    -0.016  0.125     0.006  0.091
  1947     3     0.103  0.179    -0.024  0.123    -0.024  0.141    -0.016  0.124     0.006  0.091
  1947     4     0.031  0.119    -0.018  0.130    -0.029  0.141    -0.015  0.122     0.006  0.091
  1947     5    -0.027  0.115    -0.012  0.133    -0.032  0.140    -0.014  0.122     0.007  0.091
  1947     6     0.077  0.209    -0.004  0.133    -0.035  0.139    -0.014  0.121     0.007  0.092
  1947     7     0.008  0.226    -0.001  0.131    -0.042  0.138    -0.012  0.121     0.007  0.092
  1947     8    -0.090  0.246    -0.010  0.129    -0.048  0.137    -0.010  0.118     0.006  0.091
  1947     9    -0.089  0.184    -0.036  0.143    -0.051  0.137    -0.009  0.118     0.006  0.091
  1947    10     0.092  0.205    -0.050  0.149    -0.056  0.134    -0.008  0.116     0.005  0.091
  1947    11     0.025  0.194    -0.035  0.156    -0.057  0.133    -0.008  0.114     0.005  0.091
  1947    12    -0.113  0.242    -0.039  0.159    -0.058  0.130    -0.008  0.113     0.005  0.091
  1948     1     0.011  0.170    -0.044  0.162    -0.059  0.128    -0.007  0.111     0.006  0.091
  1948     2    -0.150  0.167    -0.036  0.167    -0.064  0.127    -0.006  0.110     0.006  0.091
  1948     3    -0.203  0.227    -0.037  0.175    -0.068  0.123    -0.004  0.109     0.006  0.091
  1948     4    -0.143  0.175    -0.044  0.169    -0.073  0.119    -0.002  0.109     0.006  0.091
  1948     5     0.155  0.260    -0.058  0.157    -0.079  0.118     0.001  0.107     0.006  0.091
  1948     6     0.034  0.273    -0.070  0.148    -0.080  0.117     0.003  0.105     0.006  0.091
  1948     7    -0.050  0.230    -0.066  0.151    -0.087  0.117     0.004  0.104     0.006  0.090
  1948     8    -0.001  0.253    -0.071  0.147    -0.092  0.115     0.004  0.102     0.006  0.090
  1948     9    -0.105  0.230    -0.064  0.145    -0.095  0.114     0.005  0.101     0.005  0.089
  1948    10     0.017  0.215    -0.061  0.146    -0.097  0.112     0.003  0.100     0.004  0.089
  1948    11    -0.148  0.110    -0.079  0.145    -0.096  0.111     0.002  0.099     0.003  0.089
  1948    12    -0.254  0.129    -0.092  0.140    -0.090  0.110     0.003  0.099     0.004  0.088
  1949     1     0.057  0.174    -0.097  0.135    -0.088  0.109    -0.001  0.097     0.004  0.088
  1949     2    -0.217  0.094    -0.103  0.122    -0.084  0.108    -0.003  0.097     0.004  0.089
  1949     3    -0.110  0.178    -0.107  0.116    -0.082  0.106    -0.005  0.096     0.006  0.089
  1949     4    -0.114  0.151    -0.112  0.118    -0.078  0.106    -0.006  0.095     0.006  0.088
  1949     5    -0.053  0.209    -0.111  0.124    -0.077  0.104    -0.008  0.094     0.006  0.088
  1949     6    -0.123  0.187    -0.095  0.124    -0.070  0.103    -0.009  0.093     0.006  0.088
  1949     7    -0.113  0.187    -0.127  0.119    -0.067  0.101    -0.010  0.091     0.006  0.088
  1949     8    -0.076  0.137    -0.140  0.123    -0.065  0.100    -0.013  0.091     0.005  0.088
  1949     9    -0.149  0.194    -0.146  0.123    -0.067  0.101    -0.016  0.090     0.005  0.087
  1949    10    -0.042  0.133    -0.153  0.124    -0.066  0.100    -0.017  0.089     0.005  0.087
  1949    11    -0.135  0.137    -0.152  0.122    -0.064  0.099    -0.017  0.088     0.004  0.087
  1949    12    -0.068  0.147    -0.146  0.117    -0.063  0.097    -0.018  0.086     0.002  0.086
  1950     1    -0.321  0.143    -0.139  0.115    -0.062  0.096    -0.018  0.085     0.001  0.086
  1950     2    -0.374  0.175    -0.141  0.115    -0.058  0.093    -0.020  0.084     0.000  0.086
  1950     3    -0.178  0.166    -0.143  0.103    -0.054  0.092    -0.022  0.084    -0.002  0.086
  1950     4    -0.198  0.189    -0.147  0.095    -0.054  0.089    -0.025  0.081    -0.004  0.085
  1950     5    -0.046  0.168    -0.160  0.094    -0.056  0.086    -0.027  0.080    -0.005  0.085
  1950     6    -0.045  0.100    -0.170  0.097    -0.053  0.082    -0.028  0.078    -0.005  0.085
  1950     7    -0.037  0.154    -0.173  0.097    -0.052  0.080    -0.029  0.077    -0.006  0.084
  1950     8    -0.097  0.108    -0.179  0.091    -0.046  0.079    -0.030  0.076    -0.007  0.084
  1950     9    -0.173  0.080    -0.180  0.085    -0.041  0.078    -0.031  0.076    -0.008  0.084
  1950    10    -0.085  0.137    -0.172  0.079    -0.034  0.077    -0.034  0.074    -0.008  0.083
  1950    11    -0.301  0.137    -0.161  0.076    -0.032  0.074    -0.036  0.073    -0.009  0.083
  1950    12    -0.190  0.185    -0.146  0.073    -0.028  0.069    -0.037  0.072    -0.010  0.083
  1951     1    -0.352  0.141    -0.140  0.068    -0.026  0.067    -0.039  0.071    -0.009  0.082
  1951     2    -0.444  0.103    -0.120  0.073    -0.024  0.063    -0.039  0.071    -0.009  0.082
  1951     3    -0.196  0.144    -0.096  0.075    -0.021  0.061    -0.041  0.070    -0.009  0.082
  1951     4    -0.094  0.132    -0.070  0.076    -0.019  0.059    -0.044  0.069    -0.008  0.081
  1951     5     0.082  0.171    -0.044  0.072    -0.016  0.059    -0.046  0.069    -0.008  0.081
  1951     6     0.137  0.090    -0.013  0.063    -0.009  0.058    -0.046  0.069    -0.008  0.081
  1951     7     0.032  0.098     0.031  0.061    -0.013  0.056    -0.046  0.069    -0.009  0.080
  1951     8     0.142  0.211     0.077  0.056    -0.010  0.056    -0.048  0.067    -0.009  0.080
  1951     9     0.117  0.126     0.088  0.053    -0.010  0.055    -0.050  0.066    -0.008  0.080
  1951    10     0.231  0.145     0.105  0.054    -0.010  0.054    -0.051  0.066    -0.009  0.079
  1951    11     0.007  0.121     0.108  0.065    -0.011  0.051    -0.052  0.065    -0.009  0.079
  1951    12     0.186  0.098     0.105  0.060    -0.009  0.050    -0.051  0.064    -0.010  0.078
  1952     1     0.172  0.112     0.112  0.058    -0.008  0.049    -0.052  0.064    -0.011  0.077
  1952     2     0.107  0.128     0.111  0.048    -0.008  0.050    -0.052  0.064    -0.011  0.076
  1952     3    -0.059  0.111     0.113  0.048    -0.007  0.048    -0.054  0.064    -0.010  0.076
  1952     4     0.104  0.108     0.102  0.042    -0.005  0.047    -0.055  0.064    -0.010  0.075
  1952     5     0.120  0.157     0.095  0.040    -0.001  0.046    -0.053  0.064    -0.011  0.076
  1952     6     0.098  0.137     0.084  0.035    -0.001  0.043    -0.053  0.063    -0.011  0.075
  1952     7     0.115  0.115     0.075  0.030     0.006  0.042    -0.053  0.063    -0.011  0.075
  1952     8     0.133  0.132     0.082  0.032     0.009  0.042    -0.051  0.062    -0.011  0.074
  1952     9     0.144  0.155     0.095  0.034     0.007  0.039    -0.050  0.062    -0.011  0.074
  1952    10     0.101  0.188     0.111  0.037     0.006  0.037    -0.050  0.061    -0.011  0.073
  1952    11    -0.075  0.125     0.125  0.034     0.004  0.037    -0.049  0.060    -0.011  0.072
  1952    12     0.047  0.165     0.137  0.038     0.003  0.036    -0.047  0.059    -0.011  0.071
  1953     1     0.064  0.069     0.136  0.043     0.001  0.037    -0.045  0.059    -0.011  0.070
  1953     2     0.198  0.125     0.134  0.050     0.005  0.036    -0.042  0.059    -0.011  0.070
  1953     3     0.093  0.109     0.128  0.065     0.006  0.038    -0.040  0.058    -0.011  0.069
  1953     4     0.296  0.129     0.132  0.070     0.006  0.040    -0.039  0.058    -0.012  0.069
  1953     5     0.282  0.084     0.139  0.074     0.007  0.041    -0.040  0.056    -0.012  0.068
  1953     6     0.241  0.095     0.148  0.072     0.006  0.041    -0.041  0.055    -0.012  0.068
  1953     7     0.107  0.095     0.128  0.071     0.010  0.040    -0.040  0.054    -0.012  0.067
  1953     8     0.108  0.158     0.108  0.070     0.013  0.040    -0.040  0.053    -0.011  0.066
  1953     9     0.073  0.155     0.094  0.067     0.012  0.040    -0.040  0.051    -0.010  0.065
  1953    10     0.149  0.133     0.059  0.059     0.009  0.042    -0.040  0.050    -0.011  0.065
  1953    11     0.008  0.164     0.027  0.059     0.004  0.044    -0.038  0.051    -0.011  0.065
  1953    12     0.155  0.139     0.007  0.063    -0.002  0.044    -0.036  0.051    -0.011  0.064
  1954     1    -0.178  0.096    -0.007  0.064    -0.004  0.044    -0.036  0.050    -0.012  0.064
  1954     2    -0.039  0.136    -0.023  0.062    -0.011  0.043    -0.034  0.050    -0.014  0.064
  1954     3    -0.079  0.093    -0.039  0.061    -0.018  0.044    -0.032  0.050    -0.016  0.063
  1954     4    -0.121  0.090    -0.045  0.065    -0.025  0.043    -0.030  0.050    -0.018  0.063
  1954     5    -0.105  0.110    -0.037  0.057    -0.028  0.044    -0.029  0.049    -0.019  0.063
  1954     6     0.007  0.160    -0.056  0.051    -0.031  0.044    -0.027  0.049    -0.020  0.062
  1954     7    -0.062  0.134    -0.029  0.047    -0.037  0.044    -0.026  0.048    -0.021  0.062
  1954     8    -0.085  0.086    -0.041  0.048    -0.040  0.045    -0.025  0.049    -0.022  0.062
  1954     9    -0.124  0.093    -0.063  0.049    -0.041  0.046    -0.025  0.048    -0.025  0.061
  1954    10     0.083  0.130    -0.071  0.049    -0.043  0.046    -0.024  0.048    -0.027  0.061
  1954    11     0.104  0.086    -0.080  0.049    -0.043  0.046    -0.024  0.049    -0.028  0.061
  1954    12    -0.073  0.132    -0.090  0.049    -0.042  0.048    -0.024  0.048    -0.030  0.060
  1955     1     0.145  0.095    -0.097  0.055    -0.044  0.050    -0.021  0.048    -0.031  0.060
  1955     2    -0.189  0.113    -0.079  0.054    -0.044  0.052    -0.017  0.049    -0.031  0.059
  1955     3    -0.332  0.128    -0.078  0.062    -0.046  0.054    -0.019  0.048    -0.032  0.059
  1955     4    -0.219  0.087    -0.089  0.060    -0.046  0.057    -0.019  0.048    -0.033  0.058
  1955     5    -0.215  0.128    -0.118  0.067    -0.043  0.059    -0.019  0.048    -0.034  0.058
  1955     6    -0.111  0.076    -0.135  0.071    -0.042  0.060    -0.019  0.048    -0.034  0.057
  1955     7    -0.151  0.117    -0.156  0.073    -0.038  0.061    -0.019  0.049    -0.035  0.057
  1955     8     0.140  0.077    -0.158  0.070    -0.039  0.061    -0.018  0.049    -0.036  0.057
  1955     9    -0.115  0.188    -0.155  0.067    -0.039  0.061    -0.016  0.049    -0.037  0.056
  1955    10    -0.047  0.177    -0.158  0.077    -0.044  0.059    -0.015  0.050    -0.038  0.056
  1955    11    -0.247  0.137    -0.162  0.082    -0.048  0.060    -0.014  0.051    -0.039  0.056
  1955    12    -0.274  0.140    -0.168  0.085    -0.053  0.061    -0.011  0.050    -0.038  0.055
  1956     1    -0.117  0.095    -0.165  0.082    -0.054  0.061    -0.008  0.050    -0.039  0.055
  1956     2    -0.213  0.090    -0.201  0.082    -0.056  0.063    -0.003  0.050    -0.039  0.054
  1956     3    -0.287  0.093    -0.212  0.071    -0.059  0.062    -0.001  0.050    -0.039  0.054
  1956     4    -0.262  0.130    -0.225  0.065    -0.061  0.061     0.001  0.050    -0.040  0.053
  1956     5    -0.258  0.139    -0.219  0.061    -0.060  0.060     0.001  0.051    -0.040  0.053
  1956     6    -0.186  0.106    -0.198  0.057    -0.062  0.060     0.002  0.051    -0.039  0.053
  1956     7    -0.117  0.089    -0.200  0.063    -0.058  0.060     0.002  0.050    -0.039  0.053
  1956     8    -0.286  0.104    -0.190  0.068    -0.057  0.060     0.001  0.050    -0.038  0.053
  1956     9    -0.253  0.077    -0.177  0.074    -0.054  0.059    -0.000  0.051    -0.038  0.053
  1956    10    -0.199  0.074    -0.155  0.070    -0.050  0.060    -0.002  0.050    -0.039  0.053
  1956    11    -0.174  0.093    -0.124  0.069    -0.047  0.060    -0.002  0.051    -0.039  0.053
  1956    12    -0.021  0.092    -0.094  0.069    -0.046  0.060    -0.005  0.051    -0.038  0.052
  1957     1    -0.144  0.107    -0.085  0.074    -0.044  0.061    -0.006  0.051    -0.039  0.052
  1957     2    -0.100  0.126    -0.053  0.084    -0.043  0.061    -0.006  0.051    -0.039  0.051
  1957     3    -0.128  0.139    -0.029  0.087    -0.042  0.061    -0.004  0.051    -0.040  0.052
  1957     4    -0.001  0.102    -0.003  0.087    -0.043  0.062    -0.005  0.051    -0.040  0.051
  1957     5     0.114  0.103     0.018  0.092    -0.047  0.063    -0.007  0.051    -0.040  0.051
  1957     6     0.176  0.110     0.030  0.094    -0.046  0.063    -0.009  0.052    -0.040  0.051
  1957     7    -0.006  0.167     0.067  0.092    -0.049  0.064    -0.010  0.053    -0.040  0.051
  1957     8     0.104  0.121     0.089  0.090    -0.044  0.064    -0.011  0.054    -0.040  0.051
  1957     9     0.031  0.125     0.107  0.087    -0.044  0.065    -0.013  0.054    -0.040  0.050
  1957    10     0.110  0.096     0.107  0.081    -0.044  0.066    -0.014  0.056    -0.040  0.050
  1957    11     0.076  0.153     0.100  0.078    -0.042  0.065    -0.013  0.056    -0.041  0.050
  1957    12     0.124  0.137     0.081  0.075    -0.040  0.065    -0.014  0.056    -0.040  0.049
  1958     1     0.307  0.126     0.084  0.067    -0.038  0.065    -0.015  0.056    -0.041  0.049
  1958     2     0.158  0.115     0.073  0.065    -0.040  0.066    -0.016  0.055    -0.042  0.049
  1958     3     0.086  0.091     0.062  0.061    -0.038  0.064    -0.019  0.055    -0.041  0.049
  1958     4     0.002  0.054     0.058  0.060    -0.036  0.064    -0.022  0.054    -0.040  0.049
  1958     5     0.039  0.089     0.053  0.056    -0.035  0.063    -0.025  0.055    -0.042  0.048
  1958     6    -0.052  0.097     0.048  0.054    -0.027  0.063    -0.027  0.055    -0.042  0.048
  1958     7     0.027  0.073     0.027  0.053    -0.025  0.063    -0.027  0.055    -0.043  0.048
  1958     8    -0.029  0.106     0.014  0.053    -0.019  0.063    -0.026  0.056    -0.043  0.047
  1958     9    -0.099  0.083     0.016  0.054    -0.014  0.063    -0.025  0.056    -0.043  0.047
  1958    10     0.052  0.085     0.028  0.056    -0.007  0.062    -0.025  0.056    -0.043  0.046
  1958    11     0.024  0.103     0.029  0.058    -0.001  0.061    -0.024  0.056    -0.043  0.046
  1958    12     0.060  0.105     0.039  0.058     0.005  0.060    -0.024  0.056    -0.042  0.046
  1959     1     0.060  0.107     0.042  0.054     0.008  0.059    -0.024  0.056    -0.043  0.046
  1959     2     0.002  0.097     0.044  0.053     0.013  0.061    -0.025  0.056    -0.043  0.046
  1959     3     0.107  0.086     0.046  0.057     0.017  0.061    -0.027  0.056    -0.042  0.045
  1959     4     0.148  0.084     0.043  0.063     0.021  0.062    -0.029  0.056    -0.041  0.045
  1959     5     0.049  0.113     0.030  0.066     0.024  0.061    -0.030  0.056    -0.041  0.045
  1959     6     0.068  0.071     0.026  0.065     0.022  0.061    -0.031  0.057    -0.040  0.045
  1959     7     0.058  0.067     0.017  0.067     0.025  0.060    -0.031  0.058    -0.039  0.045
  1959     8    -0.004  0.092     0.025  0.069     0.028  0.059    -0.032  0.058    -0.039  0.045
  1959     9    -0.075  0.100    -0.013  0.073     0.032  0.059    -0.033  0.058    -0.038  0.045
  1959    10     0.021  0.104    -0.041  0.075     0.032  0.059    -0.036  0.058    -0.038  0.045
  1959    11    -0.136  0.134    -0.052  0.069     0.028  0.059    -0.039  0.058    -0.037  0.045
  1959    12     0.010  0.127    -0.059  0.072     0.025  0.059    -0.041  0.057    -0.035  0.045
  1960     1    -0.041  0.104    -0.066  0.076     0.024  0.059    -0.043  0.058    -0.034  0.045
  1960     2     0.096  0.111    -0.062  0.079     0.021  0.058    -0.043  0.057    -0.032  0.045
  1960     3    -0.350  0.097    -0.055  0.076     0.019  0.058    -0.042  0.057    -0.031  0.044
  1960     4    -0.188  0.081    -0.054  0.073     0.018  0.058    -0.042  0.058    -0.030  0.044
  1960     5    -0.081  0.059    -0.056  0.069     0.017  0.056    -0.041  0.057    -0.030  0.044
  1960     6    -0.022  0.072    -0.043  0.066     0.014  0.056    -0.041  0.057    -0.030  0.044
  1960     7    -0.024  0.089    -0.036  0.061     0.008  0.055    -0.041  0.057    -0.030  0.044
  1960     8     0.040  0.093    -0.033  0.056     0.007  0.055    -0.043  0.057    -0.030  0.044
  1960     9     0.010  0.081    -0.003  0.054     0.001  0.055    -0.043  0.056    -0.029  0.044
  1960    10     0.037  0.076     0.024  0.054    -0.000  0.055    -0.043  0.057    -0.029  0.045
  1960    11    -0.162  0.075     0.043  0.057    -0.003  0.056    -0.041  0.056    -0.028  0.045
  1960    12     0.173  0.070     0.058  0.055    -0.002  0.056    -0.040  0.056    -0.027  0.045
  1961     1     0.042  0.056     0.063  0.051    -0.000  0.056    -0.040  0.056    -0.026  0.045
  1961     2     0.132  0.050     0.062  0.054     0.005  0.056    -0.039  0.056    -0.025  0.045
  1961     3     0.008  0.079     0.062  0.055     0.009  0.056    -0.037  0.057    -0.026  0.045
  1961     4     0.136  0.099     0.061  0.055     0.011  0.057    -0.035  0.056    -0.026  0.045
  1961     5     0.147  0.079     0.075  0.056     0.013  0.058    -0.034  0.055    -0.026  0.045
  1961     6     0.162  0.097     0.050  0.057     0.013  0.058    -0.032  0.055    -0.027  0.045
  1961     7     0.027  0.084     0.048  0.056     0.011  0.058    -0.031  0.055    -0.028  0.045
  1961     8     0.037  0.117     0.046  0.059     0.008  0.059    -0.029  0.055    -0.029  0.044
  1961     9     0.001  0.119     0.054  0.060     0.001  0.060    -0.027  0.056    -0.030  0.045
  1961    10     0.025  0.070     0.044  0.062    -0.007  0.061    -0.026  0.056    -0.031  0.044
  1961    11     0.015  0.106     0.019  0.066    -0.013  0.060    -0.025  0.056    -0.032  0.044
  1961    12    -0.135  0.069     0.003  0.072    -0.015  0.061    -0.026  0.056    -0.033  0.045
  1962     1     0.028  0.058    -0.003  0.075    -0.017  0.061    -0.025  0.056    -0.035  0.044
  1962     2     0.105  0.107    -0.010  0.073    -0.020  0.061    -0.027  0.055    -0.036  0.044
  1962     3     0.099  0.080    -0.017  0.069    -0.025  0.060    -0.026  0.055    -0.036  0.044
  1962     4     0.018  0.081    -0.020  0.069    -0.029  0.059    -0.026  0.055    -0.037  0.044
  1962     5    -0.147  0.119    -0.020  0.065    -0.032  0.059    -0.026  0.055    -0.037  0.044
  1962     6    -0.032  0.122    -0.010  0.066    -0.037  0.058    -0.028  0.055    -0.037  0.044
  1962     7    -0.048  0.112    -0.016  0.067    -0.037  0.058    -0.028  0.055    -0.038  0.044
  1962     8    -0.054  0.104    -0.016  0.065    -0.042  0.058    -0.029  0.055    -0.037  0.044
  1962     9    -0.077  0.065    -0.047  0.065    -0.039  0.057    -0.030  0.054    -0.038  0.044
  1962    10    -0.005  0.085    -0.058  0.067    -0.040  0.058    -0.030  0.054    -0.038  0.045
  1962    11     0.014  0.059    -0.054  0.067    -0.041  0.059    -0.032  0.054    -0.038  0.045
  1962    12    -0.018  0.089    -0.052  0.067    -0.042  0.058    -0.033  0.054    -0.037  0.044
  1963     1    -0.046  0.063    -0.037  0.065    -0.044  0.057    -0.038  0.054    -0.036  0.044
  1963     2     0.106  0.066    -0.010  0.066    -0.046  0.057    -0.041  0.054    -0.036  0.044
  1963     3    -0.271  0.107     0.011  0.067    -0.049  0.058    -0.041  0.054    -0.036  0.044
  1963     4    -0.113  0.077     0.026  0.068    -0.050  0.058    -0.042  0.054    -0.036  0.043
  1963     5    -0.099  0.083     0.037  0.068    -0.048  0.058    -0.044  0.054    -0.036  0.043
  1963     6    -0.010  0.107     0.043  0.069    -0.052  0.058    -0.044  0.054    -0.036  0.043
  1963     7     0.133  0.122     0.039  0.071    -0.055  0.058    -0.045  0.054    -0.036  0.043
  1963     8     0.272  0.096     0.018  0.076    -0.058  0.058    -0.046  0.053    -0.036  0.044
  1963     9     0.170  0.124     0.013  0.080    -0.060  0.058    -0.046  0.053    -0.037  0.043
  1963    10     0.178  0.139    -0.007  0.082    -0.063  0.058    -0.046  0.054    -0.037  0.043
  1963    11     0.141  0.059    -0.023  0.083    -0.068  0.058    -0.047  0.054    -0.037  0.043
  1963    12     0.058  0.110    -0.026  0.082    -0.070  0.058    -0.049  0.053    -0.037  0.042
  1964     1    -0.101  0.090    -0.043  0.084    -0.069  0.057    -0.050  0.053    -0.037  0.042
  1964     2    -0.140  0.114    -0.082  0.079    -0.071  0.056    -0.051  0.053    -0.039  0.042
  1964     3    -0.327  0.107    -0.124  0.077    -0.071  0.056    -0.053  0.053    -0.039  0.041
  1964     4    -0.354  0.124    -0.160  0.075    -0.074  0.056    -0.053  0.053    -0.039  0.041
  1964     5    -0.296  0.101    -0.194  0.075    -0.075  0.057    -0.052  0.053    -0.039  0.041
  1964     6    -0.043  0.112    -0.224  0.074    -0.073  0.057    -0.052  0.053    -0.039  0.041
  1964     7    -0.069  0.081    -0.223  0.074    -0.076  0.058    -0.053  0.053    -0.039  0.041
  1964     8    -0.203  0.090    -0.226  0.073    -0.082  0.058    -0.053  0.052    -0.038  0.041
  1964     9    -0.326  0.091    -0.214  0.067    -0.084  0.058    -0.052  0.052    -0.038  0.041
  1964    10    -0.262  0.096    -0.204  0.064    -0.085  0.059    -0.051  0.051    -0.038  0.041
  1964    11    -0.266  0.068    -0.189  0.062    -0.080  0.059    -0.049  0.051    -0.039  0.041
  1964    12    -0.302  0.080    -0.195  0.054    -0.080  0.059    -0.047  0.051    -0.039  0.040
  1965     1    -0.082  0.079    -0.200  0.049    -0.080  0.058    -0.046  0.050    -0.040  0.040
  1965     2    -0.177  0.091    -0.190  0.053    -0.079  0.059    -0.046  0.050    -0.039  0.040
  1965     3    -0.192  0.060    -0.179  0.055    -0.079  0.059    -0.043  0.050    -0.037  0.039
  1965     4    -0.225  0.078    -0.156  0.056    -0.078  0.059    -0.041  0.050    -0.036  0.039
  1965     5    -0.118  0.091    -0.139  0.060    -0.080  0.060    -0.041  0.050    -0.035  0.039
  1965     6    -0.115  0.059    -0.117  0.060    -0.081  0.060    -0.041  0.050    -0.034  0.039
  1965     7    -0.131  0.066    -0.124  0.061    -0.084  0.060    -0.041  0.050    -0.034  0.039
  1965     8    -0.078  0.075    -0.115  0.058    -0.089  0.061    -0.042  0.050    -0.035  0.039
  1965     9    -0.195  0.129    -0.105  0.059    -0.084  0.061    -0.042  0.049    -0.035  0.039
  1965    10     0.013  0.114    -0.092  0.055    -0.084  0.061    -0.042  0.049    -0.035  0.039
  1965    11    -0.069  0.111    -0.093  0.054    -0.085  0.061    -0.041  0.049    -0.035  0.038
  1965    12    -0.037  0.079    -0.081  0.057    -0.085  0.061    -0.044  0.049    -0.034  0.038
  1966     1    -0.166  0.087    -0.063  0.059    -0.090  0.062    -0.045  0.049    -0.034  0.038
  1966     2    -0.066  0.069    -0.061  0.060    -0.096  0.061    -0.048  0.049    -0.034  0.038
  1966     3    -0.071  0.068    -0.047  0.061    -0.102  0.060    -0.050  0.049    -0.034  0.038
  1966     4    -0.074  0.064    -0.060  0.059    -0.104  0.060    -0.052  0.049    -0.033  0.037
  1966     5    -0.122  0.103    -0.058  0.058    -0.108  0.060    -0.054  0.049    -0.033  0.037
  1966     6     0.021  0.060    -0.058  0.059    -0.110  0.060    -0.056  0.049    -0.033  0.037
  1966     7     0.085  0.072    -0.054  0.059    -0.110  0.059    -0.058  0.049    -0.032  0.036
  1966     8    -0.048  0.074    -0.070  0.059    -0.111  0.057    -0.059  0.048    -0.032  0.036
  1966     9    -0.025  0.122    -0.067  0.062    -0.106  0.056    -0.060  0.048    -0.031  0.036
  1966    10    -0.144  0.068    -0.065  0.067    -0.099  0.056    -0.060  0.047    -0.031  0.036
  1966    11    -0.052  0.120    -0.043  0.071    -0.091  0.056    -0.061  0.047    -0.030  0.035
  1966    12    -0.035  0.089    -0.048  0.076    -0.089  0.055    -0.061  0.047    -0.030  0.035
  1967     1    -0.116  0.088    -0.055  0.077    -0.088  0.055    -0.064  0.047    -0.028  0.035
  1967     2    -0.255  0.081    -0.052  0.080    -0.085  0.055    -0.067  0.047    -0.027  0.034
  1967     3    -0.038  0.110    -0.055  0.074    -0.079  0.055    -0.068  0.046    -0.026  0.034
  1967     4    -0.055  0.094    -0.040  0.079    -0.073  0.054    -0.068  0.046    -0.025  0.034
  1967     5     0.150  0.106    -0.045  0.078    -0.067  0.054    -0.067  0.045    -0.024  0.033
  1967     6    -0.047  0.135    -0.048  0.077    -0.058  0.054    -0.066  0.045    -0.023  0.033
  1967     7     0.010  0.091    -0.059  0.075    -0.055  0.054    -0.065  0.044    -0.022  0.032
  1967     8    -0.018  0.137    -0.054  0.075    -0.050  0.053    -0.063  0.043    -0.022  0.032
  1967     9    -0.058  0.071    -0.045  0.075    -0.047  0.054    -0.062  0.043    -0.021  0.032
  1967    10     0.035  0.123    -0.050  0.074    -0.043  0.053    -0.062  0.043    -0.021  0.031
  1967    11    -0.117  0.105    -0.076  0.074    -0.041  0.053    -0.062  0.043    -0.021  0.031
  1967    12    -0.065  0.078    -0.075  0.072    -0.040  0.054    -0.060  0.042    -0.021  0.031
  1968     1    -0.250  0.048    -0.090  0.074    -0.038  0.053    -0.058  0.042    -0.022  0.031
  1968     2    -0.195  0.064    -0.096  0.066    -0.039  0.053    -0.056  0.042    -0.022  0.030
  1968     3     0.074  0.075    -0.106  0.066    -0.035  0.052    -0.053  0.041    -0.022  0.030
  1968     4    -0.114  0.059    -0.103  0.061    -0.035  0.051    -0.050  0.041    -0.021  0.030
  1968     5    -0.162  0.118    -0.101  0.060    -0.035  0.050    -0.047  0.041    -0.021  0.030
  1968     6    -0.041  0.092    -0.105  0.059    -0.036  0.050    -0.045  0.040    -0.020  0.030
  1968     7    -0.167  0.110    -0.092  0.056    -0.035  0.049    -0.045  0.040    -0.020  0.030
  1968     8    -0.097  0.089    -0.089  0.055    -0.038  0.048    -0.047  0.039    -0.020  0.029
  1968     9    -0.173  0.098    -0.100  0.048    -0.041  0.048    -0.048  0.038    -0.020  0.029
  1968    10     0.076  0.065    -0.082  0.048    -0.041  0.048    -0.049  0.038    -0.020  0.029
  1968    11    -0.100  0.088    -0.056  0.048    -0.041  0.048    -0.050  0.037    -0.019  0.029
  1968    12    -0.105  0.055    -0.045  0.048    -0.043  0.048    -0.051  0.037    -0.019  0.028
  1969     1    -0.103  0.043    -0.034  0.046    -0.046  0.047    -0.051  0.037    -0.019  0.028
  1969     2    -0.151  0.050    -0.026  0.047    -0.048  0.047    -0.053  0.036    -0.019  0.028
  1969     3    -0.067  0.079    -0.007  0.048    -0.048  0.045    -0.051  0.035    -0.019  0.028
  1969     4     0.107  0.083    -0.005  0.048    -0.047  0.044    -0.049  0.034    -0.019  0.027
  1969     5     0.156  0.090     0.010  0.042    -0.048  0.043    -0.047  0.034    -0.019  0.027
  1969     6     0.086  0.068     0.039  0.043    -0.049  0.042    -0.047  0.033    -0.019  0.027
  1969     7    -0.036  0.107     0.055  0.044    -0.052  0.042    -0.047  0.032    -0.019  0.027
  1969     8     0.006  0.120     0.078  0.045    -0.052  0.040    -0.044  0.032    -0.018  0.026
  1969     9     0.044  0.089     0.083  0.050    -0.051  0.039    -0.042  0.032    -0.017  0.026
  1969    10     0.101  0.055     0.076  0.048    -0.050  0.038    -0.040  0.032    -0.015  0.025
  1969    11     0.080  0.052     0.060  0.044    -0.053  0.037    -0.039  0.031    -0.014  0.025
  1969    12     0.241  0.089     0.050  0.043    -0.051  0.035    -0.037  0.031    -0.012  0.025
  1970     1     0.095  0.042     0.053  0.040    -0.051  0.034    -0.037  0.031    -0.010  0.025
  1970     2     0.123  0.075     0.041  0.047    -0.048  0.032    -0.035  0.030    -0.009  0.024
  1970     3    -0.012  0.063     0.042  0.045    -0.046  0.032    -0.033  0.029    -0.006  0.024
  1970     4     0.034  0.062     0.035  0.043    -0.046  0.031    -0.030  0.029    -0.004  0.024
  1970     5    -0.038  0.080     0.022  0.045    -0.044  0.031    -0.028  0.029    -0.002  0.024
  1970     6    -0.033  0.080    -0.010  0.043    -0.039  0.030    -0.027  0.029    -0.001  0.024
  1970     7    -0.006  0.068    -0.024  0.043    -0.031  0.029    -0.026  0.029     0.001  0.024
  1970     8    -0.135  0.114    -0.054  0.039    -0.024  0.028    -0.027  0.029     0.002  0.023
  1970     9     0.052  0.084    -0.074  0.035    -0.022  0.027    -0.026  0.028     0.003  0.023
  1970    10     0.019  0.072    -0.087  0.038    -0.016  0.027    -0.027  0.028     0.004  0.023
  1970    11    -0.073  0.069    -0.089  0.036    -0.010  0.026    -0.028  0.027     0.005  0.023
  1970    12    -0.140  0.088    -0.096  0.040    -0.005  0.025    -0.029  0.026     0.005  0.023
  1971     1    -0.081  0.063    -0.107  0.042    -0.000  0.024    -0.028  0.025     0.007  0.023
  1971     2    -0.229  0.048    -0.106  0.042     0.002  0.023    -0.029  0.025     0.008  0.022
  1971     3    -0.253  0.048    -0.116  0.038     0.006  0.023    -0.031  0.024     0.010  0.022
  1971     4    -0.123  0.106    -0.122  0.037     0.006  0.023    -0.031  0.024     0.011  0.022
  1971     5    -0.066  0.059    -0.124  0.036     0.008  0.022    -0.032  0.024     0.011  0.022
  1971     6    -0.118  0.096    -0.124  0.035     0.009  0.022    -0.033  0.023     0.012  0.022
  1971     7    -0.132  0.073    -0.139  0.038     0.008  0.022    -0.034  0.023     0.013  0.022
  1971     8    -0.129  0.072    -0.139  0.037     0.005  0.022    -0.034  0.022     0.015  0.021
  1971     9    -0.061  0.063    -0.120  0.035     0.004  0.022    -0.034  0.021     0.016  0.021
  1971    10    -0.060  0.072    -0.110  0.035    -0.000  0.022    -0.035  0.021     0.017  0.021
  1971    11    -0.099  0.054    -0.105  0.035    -0.004  0.021    -0.035  0.020     0.017  0.021
  1971    12    -0.135  0.073    -0.088  0.036    -0.006  0.021    -0.034  0.019     0.020  0.021
  1972     1    -0.264  0.059    -0.076  0.035    -0.006  0.021    -0.031  0.019     0.020  0.020
  1972     2    -0.233  0.063    -0.053  0.036    -0.004  0.022    -0.027  0.018     0.020  0.020
  1972     3    -0.024  0.041    -0.044  0.038    -0.005  0.022    -0.026  0.018     0.019  0.020
  1972     4    -0.005  0.065    -0.033  0.037    -0.008  0.022    -0.023  0.017     0.020  0.020
  1972     5    -0.003  0.062    -0.027  0.038    -0.011  0.022    -0.022  0.017     0.021  0.020
  1972     6     0.093  0.084     0.004  0.036    -0.017  0.021    -0.019  0.016     0.022  0.019
  1972     7     0.002  0.074     0.045  0.033    -0.019  0.021    -0.017  0.015     0.023  0.019
  1972     8     0.148  0.081     0.085  0.026    -0.020  0.021    -0.014  0.014     0.023  0.019
  1972     9     0.049  0.052     0.102  0.025    -0.018  0.020    -0.013  0.013     0.024  0.019
  1972    10     0.073  0.064     0.122  0.025    -0.018  0.019    -0.012  0.013     0.025  0.019
  1972    11    -0.020  0.052     0.141  0.024    -0.015  0.020    -0.010  0.013     0.025  0.019
  1972    12     0.226  0.053     0.153  0.026    -0.014  0.021    -0.008  0.012     0.027  0.018
  1973     1     0.233  0.046     0.163  0.029    -0.014  0.022    -0.006  0.012     0.029  0.018
  1973     2     0.249  0.061     0.155  0.029    -0.015  0.022    -0.003  0.012     0.030  0.018
  1973     3     0.174  0.054     0.155  0.032    -0.017  0.021    -0.002  0.012     0.033  0.018
  1973     4     0.244  0.084     0.154  0.034    -0.019  0.022    -0.000  0.012     0.034  0.018
  1973     5     0.226  0.064     0.158  0.034    -0.021  0.021     0.002  0.011     0.036  0.018
  1973     6     0.232  0.106     0.138  0.030    -0.021  0.020     0.003  0.012     0.038  0.018
  1973     7     0.123  0.103     0.103  0.029    -0.021  0.020     0.005  0.012     0.038  0.018
  1973     8     0.056  0.066     0.056  0.033    -0.020  0.019     0.005  0.012     0.038  0.018
  1973     9     0.041  0.070     0.028  0.032    -0.021  0.019     0.007  0.012     0.039  0.017
  1973    10     0.065  0.083    -0.003  0.033    -0.021  0.019     0.007  0.012     0.039  0.017
  1973    11     0.025  0.045    -0.027  0.033    -0.024  0.019     0.009  0.012     0.040  0.017
  1973    12    -0.015  0.073    -0.047  0.031    -0.023  0.019     0.011  0.012     0.040  0.017
  1974     1    -0.179  0.048    -0.062  0.023    -0.022  0.019     0.013  0.012     0.042  0.016
  1974     2    -0.324  0.053    -0.056  0.023    -0.021  0.019     0.013  0.012     0.043  0.016
  1974     3    -0.153  0.049    -0.064  0.030    -0.020  0.019     0.015  0.012     0.045  0.016
  1974     4    -0.130  0.077    -0.075  0.028    -0.023  0.019     0.015  0.012     0.047  0.015
  1974     5    -0.064  0.033    -0.086  0.027    -0.022  0.020     0.014  0.012     0.050  0.015
  1974     6    -0.013  0.049    -0.093  0.028    -0.018  0.020     0.015  0.013     0.050  0.015
  1974     7    -0.057  0.079    -0.080  0.028    -0.010  0.021     0.016  0.013     0.051  0.015
  1974     8     0.130  0.092    -0.047  0.029    -0.003  0.021     0.017  0.014     0.053  0.015
  1974     9    -0.054  0.093    -0.028  0.030     0.000  0.021     0.019  0.014     0.055  0.015
  1974    10    -0.063  0.063    -0.013  0.026     0.004  0.021     0.020  0.015     0.056  0.015
  1974    11    -0.105  0.044     0.004  0.029     0.009  0.021     0.022  0.015     0.058  0.015
  1974    12    -0.108  0.058     0.007  0.027     0.013  0.021     0.024  0.015     0.059  0.015
  1975     1    -0.014  0.049     0.010  0.033     0.017  0.021     0.026  0.015     0.060  0.014
  1975     2     0.063  0.071    -0.014  0.034     0.019  0.021     0.028  0.014     0.061  0.014
  1975     3     0.074  0.062    -0.014  0.035     0.020  0.020     0.031  0.014     0.062  0.014
  1975     4     0.061  0.061    -0.018  0.042     0.021  0.021     0.034  0.014     0.063  0.014
  1975     5     0.136  0.097    -0.029  0.043     0.025  0.021     0.038  0.014     0.064  0.014
  1975     6     0.016  0.086    -0.030  0.046     0.023  0.022     0.040  0.014     0.066  0.014
  1975     7    -0.012  0.102    -0.036  0.048     0.020  0.022     0.043  0.015     0.066  0.014
  1975     8    -0.163  0.119    -0.054  0.049     0.018  0.022     0.046  0.015     0.067  0.014
  1975     9    -0.055  0.084    -0.085  0.049     0.017  0.022     0.048  0.014     0.069  0.014
  1975    10    -0.111  0.108    -0.100  0.049     0.015  0.021     0.049  0.014     0.069  0.014
  1975    11    -0.234  0.066    -0.132  0.043     0.014  0.021     0.052  0.014     0.070  0.013
  1975    12    -0.119  0.056    -0.142  0.041     0.011  0.021     0.055  0.014     0.071  0.013
  1976     1    -0.083  0.077    -0.143  0.043     0.011  0.021     0.060  0.014     0.072  0.013
  1976     2    -0.158  0.037    -0.137  0.038     0.008  0.021     0.065  0.014     0.074  0.013
  1976     3    -0.293  0.050    -0.134  0.036     0.009  0.021     0.070  0.014     0.075  0.013
  1976     4    -0.122  0.077    -0.143  0.041     0.008  0.021     0.074  0.014     0.077  0.012
  1976     5    -0.253  0.076    -0.129  0.041     0.010  0.021     0.076  0.014     0.079  0.012
  1976     6    -0.097  0.106    -0.109  0.042     0.012  0.021     0.081  0.015     0.080  0.012
  1976     7    -0.023  0.084    -0.082  0.039     0.017  0.021     0.085  0.015     0.080  0.011
  1976     8    -0.094  0.091    -0.053  0.039     0.021  0.022     0.089  0.015     0.081  0.011
  1976     9    -0.025  0.054    -0.016  0.044     0.026  0.022     0.091  0.015     0.082  0.011
  1976    10    -0.211  0.097     0.013  0.046     0.031  0.022     0.094  0.015     0.083  0.011
  1976    11    -0.070  0.065     0.060  0.046     0.033  0.022     0.096  0.015     0.084  0.010
  1976    12     0.122  0.055     0.095  0.049     0.035  0.022     0.101  0.016     0.084  0.010
  1977     1     0.235  0.046     0.119  0.049     0.037  0.023     0.104  0.016     0.086  0.010
  1977     2     0.190  0.084     0.149  0.046     0.038  0.023     0.107  0.015     0.089  0.010
  1977     3     0.156  0.122     0.160  0.041     0.043  0.024     0.107  0.015     0.090  0.010
  1977     4     0.226  0.057     0.188  0.035     0.048  0.024     0.107  0.015     0.091  0.010
  1977     5     0.313  0.044     0.210  0.032     0.054  0.024     0.108  0.015     0.091  0.010
  1977     6     0.326  0.081     0.207  0.032     0.065  0.025     0.109  0.015     0.093  0.009
  1977     7     0.254  0.077     0.193  0.033     0.071  0.025     0.110  0.015     0.095  0.009
  1977     8     0.274  0.080     0.188  0.031     0.077  0.025     0.110  0.015     0.096  0.009
  1977     9     0.105  0.069     0.186  0.030     0.081  0.025     0.111  0.015     0.098  0.009
  1977    10     0.126  0.077     0.178  0.029     0.086  0.024     0.112  0.016     0.099  0.009
  1977    11     0.194  0.054     0.164  0.030     0.090  0.024     0.113  0.016     0.101  0.009
  1977    12     0.085  0.067     0.140  0.029     0.094  0.024     0.114  0.016     0.103  0.009
  1978     1     0.067  0.049     0.131  0.025     0.100  0.024     0.116  0.016     0.106  0.009
  1978     2     0.134  0.035     0.097  0.026     0.108  0.022     0.117  0.016     0.108  0.009
  1978     3     0.127  0.062     0.096  0.026     0.113  0.021     0.118  0.015     0.110  0.009
  1978     4     0.130  0.026     0.089  0.025     0.117  0.021     0.119  0.015     0.112  0.009
  1978     5     0.146  0.051     0.085  0.027     0.126  0.022     0.120  0.015     0.114  0.009
  1978     6     0.034  0.078     0.088  0.027     0.131  0.021     0.120  0.015     0.116  0.009
  1978     7     0.147  0.065     0.092  0.028     0.141  0.021     0.121  0.015     0.118  0.009
  1978     8    -0.133  0.064     0.072  0.029     0.150  0.021     0.123  0.015     0.121  0.010
  1978     9     0.100  0.057     0.073  0.029     0.162  0.021     0.126  0.015     0.123  0.010
  1978    10     0.037  0.070     0.074  0.030     0.168  0.021     0.127  0.016     0.124  0.010
  1978    11     0.146  0.072     0.068  0.031     0.177  0.021     0.130  0.015     0.125  0.010
  1978    12     0.116  0.036     0.076  0.029     0.184  0.021     0.131  0.016     0.127  0.010
  1979     1     0.115  0.059     0.069  0.028     0.191  0.021     0.135  0.016     0.127  0.010
  1979     2    -0.101  0.048     0.094  0.028     0.199  0.020     0.138  0.016     0.129  0.010
  1979     3     0.144  0.054     0.105  0.028     0.203  0.020     0.141  0.016     0.130  0.011
  1979     4     0.137  0.059     0.125  0.027     0.210  0.019     0.144  0.016     0.131  0.011
  1979     5     0.080  0.062     0.135  0.029     0.215  0.019     0.147  0.016     0.131  0.011
  1979     6     0.121  0.052     0.167  0.028     0.220  0.019     0.148  0.016     0.131  0.011
  1979     7     0.062  0.054     0.187  0.029     0.218  0.019     0.149  0.016     0.133  0.011
  1979     8     0.169  0.086     0.230  0.027     0.217  0.019     0.149  0.016     0.134  0.011
  1979     9     0.237  0.048     0.246  0.027     0.213  0.019     0.152  0.016     0.135  0.012
  1979    10     0.277  0.051     0.266  0.025     0.210  0.019     0.153  0.016     0.136  0.012
  1979    11     0.260  0.051     0.290  0.025     0.207  0.019     0.154  0.017     0.136  0.012
  1979    12     0.501  0.034     0.301  0.025     0.204  0.020     0.155  0.017     0.137  0.012
  1980     1     0.353  0.070     0.325  0.023     0.203  0.019     0.157  0.017     0.138  0.012
  1980     2     0.422  0.066     0.336  0.019     0.200  0.020     0.156  0.017     0.139  0.012
  1980     3     0.329  0.045     0.336  0.022     0.201  0.019     0.157  0.017     0.142  0.012
  1980     4     0.383  0.040     0.327  0.022     0.202  0.019     0.157  0.017     0.145  0.013
  1980     5     0.370  0.036     0.327  0.026     0.200  0.019     0.157  0.017     0.147  0.013
  1980     6     0.246  0.063     0.302  0.026     0.205  0.018     0.158  0.017     0.149  0.013
  1980     7     0.346  0.050     0.315  0.027     0.212  0.017     0.159  0.017     0.151  0.013
  1980     8     0.307  0.062     0.312  0.029     0.216  0.016     0.162  0.017     0.153  0.013
  1980     9     0.233  0.055     0.319  0.029     0.219  0.015     0.163  0.016     0.154  0.013
  1980    10     0.177  0.059     0.311  0.030     0.222  0.015     0.165  0.017     0.156  0.014
  1980    11     0.258  0.104     0.300  0.032     0.226  0.015     0.168  0.017     0.158  0.014
  1980    12     0.204  0.053     0.311  0.032     0.230  0.014     0.170  0.017     0.160  0.014
  1981     1     0.509  0.056     0.311  0.035     0.231  0.015     0.172  0.017     0.162  0.014
  1981     2     0.384  0.076     0.319  0.035     0.239  0.016     0.177  0.017     0.165  0.014
  1981     3     0.412  0.060     0.319  0.035     0.244  0.016     0.181  0.017     0.167  0.014
  1981     4     0.288  0.035     0.320  0.037     0.246  0.016     0.185  0.017     0.170  0.014
  1981     5     0.239  0.054     0.317  0.033     0.249  0.017     0.191  0.017     0.172  0.014
  1981     6     0.371  0.056     0.339  0.035     0.250  0.018     0.193  0.017     0.175  0.015
  1981     7     0.355  0.068     0.303  0.033     0.252  0.017     0.194  0.017     0.178  0.015
  1981     8     0.394  0.063     0.281  0.031     0.255  0.017     0.196  0.017     0.180  0.015
  1981     9     0.236  0.077     0.241  0.029     0.257  0.017     0.198  0.017     0.182  0.015
  1981    10     0.193  0.090     0.221  0.032     0.257  0.018     0.201  0.017     0.184  0.015
  1981    11     0.215  0.049     0.214  0.035     0.261  0.018     0.202  0.017     0.186  0.015
  1981    12     0.468  0.031     0.195  0.034     0.260  0.018     0.203  0.017     0.188  0.015
  1982     1     0.083  0.059     0.181  0.033     0.261  0.019     0.203  0.017     0.191  0.015
  1982     2     0.119  0.035     0.155  0.033     0.261  0.019     0.205  0.017     0.194  0.016
  1982     3    -0.071  0.074     0.148  0.032     0.261  0.020     0.205  0.017     0.196  0.016
  1982     4     0.047  0.058     0.147  0.028     0.259  0.021     0.205  0.017     0.197  0.016
  1982     5     0.161  0.062     0.138  0.025     0.254  0.021     0.204  0.017     0.198  0.016
  1982     6     0.134  0.089     0.132  0.025     0.245  0.021     0.205  0.017     0.199  0.016
  1982     7     0.188  0.038     0.161  0.021     0.243  0.021     0.206  0.017     0.200  0.016
  1982     8     0.089  0.062     0.184  0.019     0.236  0.021     0.207  0.018     0.199  0.016
  1982     9     0.154  0.041     0.218  0.017     0.232  0.020     0.209  0.018     0.199  0.016
  1982    10     0.175  0.058     0.237  0.012     0.228  0.020     0.211  0.017     0.199  0.016
  1982    11     0.108  0.039     0.255  0.012     0.224  0.021     0.211  0.018     0.200  0.017
  1982    12     0.396  0.048     0.267  0.020     0.223  0.021     0.214  0.017     0.199  0.017
  1983     1     0.430  0.067     0.268  0.023     0.217  0.022     0.218  0.017     0.200  0.017
  1983     2     0.399  0.059     0.291  0.023     0.215  0.022     0.220  0.017     0.201  0.017
  1983     3     0.336  0.082     0.311  0.021     0.213  0.022     0.222  0.017     0.201  0.017
  1983     4     0.275  0.053     0.312  0.021     0.213  0.022     0.225  0.017     0.202  0.017
  1983     5     0.373  0.057     0.327  0.024     0.210  0.021     0.227  0.017     0.202  0.017
  1983     6     0.282  0.084     0.311  0.023     0.209  0.022     0.230  0.017     0.202  0.017
  1983     7     0.203  0.091     0.294  0.023     0.204  0.021     0.232  0.018     0.203  0.017
  1983     8     0.358  0.063     0.269  0.025     0.204  0.021     0.236  0.018     0.204  0.017
  1983     9     0.396  0.047     0.261  0.027     0.200  0.020     0.239  0.019     0.204  0.017
  1983    10     0.189  0.052     0.247  0.030     0.202  0.020     0.241  0.019     0.205  0.017
  1983    11     0.287  0.060     0.245  0.027     0.205  0.020     0.241  0.020     0.205  0.017
  1983    12     0.200  0.058     0.227  0.030     0.201  0.020     0.242  0.020     0.206  0.017
  1984     1     0.226  0.073     0.218  0.031     0.197  0.020     0.241  0.020     0.208  0.017
  1984     2     0.103  0.085     0.205  0.035     0.194  0.019     0.245  0.020     0.210  0.017
  1984     3     0.234  0.051     0.190  0.038     0.192  0.018     0.246  0.020     0.212  0.017
  1984     4     0.119  0.052     0.186  0.040     0.191  0.018     0.247  0.020     0.214  0.017
  1984     5     0.341  0.060     0.163  0.037     0.190  0.019     0.247  0.021     0.215  0.017
  1984     6     0.068  0.053     0.143  0.035     0.185  0.018     0.247  0.021     0.217  0.017
  1984     7     0.093  0.068     0.144  0.031     0.188  0.018     0.250  0.021     0.219  0.017
  1984     8     0.199  0.071     0.132  0.028     0.193  0.018     0.251  0.021     0.219  0.017
  1984     9     0.217  0.066     0.123  0.027     0.196  0.018     0.252  0.022     0.221  0.017
  1984    10     0.144  0.076     0.121  0.026     0.199  0.017     0.252  0.022     0.223  0.017
  1984    11     0.018  0.051     0.106  0.026     0.201  0.018     0.251  0.022     0.226  0.017
  1984    12    -0.047  0.044     0.114  0.028     0.205  0.018     0.251  0.022     0.228  0.018
  1985     1     0.240  0.062     0.109  0.028     0.210  0.018     0.251  0.022     0.230  0.018
  1985     2    -0.041  0.029     0.108  0.028     0.214  0.019     0.250  0.022     0.233  0.018
  1985     3     0.119  0.041     0.099  0.027     0.217  0.020     0.253  0.022     0.234  0.018
  1985     4     0.101  0.055     0.099  0.026     0.220  0.020     0.255  0.022     0.236  0.018
  1985     5     0.156  0.047     0.102  0.027     0.222  0.020     0.256  0.022     0.237  0.018
  1985     6     0.167  0.071     0.121  0.027     0.223  0.020     0.258  0.022     0.239  0.018
  1985     7     0.031  0.069     0.117  0.028     0.224  0.021     0.259  0.023     0.242  0.018
  1985     8     0.189  0.065     0.152  0.031     0.223  0.022     0.259  0.023     0.245  0.017
  1985     9     0.114  0.068     0.160  0.034     0.225  0.022     0.260  0.023     0.247  0.017
  1985    10     0.147  0.080     0.181  0.035     0.227  0.022     0.262  0.023     0.249  0.018
  1985    11     0.055  0.059     0.207  0.034     0.228  0.023     0.264  0.022     0.252  0.018
  1985    12     0.176  0.036     0.203  0.035     0.230  0.023     0.265  0.022     0.254  0.018
  1986     1     0.191  0.064     0.212  0.036     0.232  0.024     0.264  0.022     0.256  0.018
  1986     2     0.383  0.073     0.211  0.035     0.234  0.024     0.265  0.022     0.259  0.018
  1986     3     0.211  0.086     0.211  0.037     0.233  0.025     0.265  0.022     0.262  0.018
  1986     4     0.359  0.043     0.213  0.040     0.236  0.026     0.266  0.022     0.264  0.018
  1986     5     0.460  0.039     0.217  0.040     0.233  0.026     0.268  0.022     0.266  0.018
  1986     6     0.127  0.051     0.216  0.039     0.234  0.026     0.270  0.021     0.268  0.018
  1986     7     0.129  0.085     0.225  0.035     0.231  0.026     0.271  0.021     0.269  0.018
  1986     8     0.184  0.062     0.225  0.030     0.234  0.026     0.272  0.021     0.272  0.018
  1986     9     0.109  0.060     0.220  0.028     0.234  0.027     0.273  0.020     0.273  0.018
  1986    10     0.169  0.067     0.209  0.031     0.237  0.027     0.275  0.021     0.275  0.018
  1986    11     0.107  0.054     0.191  0.033     0.233  0.027     0.276  0.021     0.277  0.018
  1986    12     0.168  0.039     0.213  0.033     0.235  0.028     0.275  0.021     0.279  0.018
  1987     1     0.297  0.021     0.242  0.030     0.239  0.028     0.278  0.020     0.279  0.018
  1987     2     0.378  0.050     0.254  0.031     0.241  0.028     0.280  0.021     0.280  0.018
  1987     3     0.149  0.066     0.276  0.031     0.243  0.028     0.284  0.021     0.281  0.018
  1987     4     0.229  0.054     0.288  0.030     0.246  0.029     0.286  0.021     0.282  0.018
  1987     5     0.240  0.075     0.298  0.030     0.248  0.029     0.288  0.021     0.282  0.018
  1987     6     0.394  0.066     0.324  0.031     0.256  0.029     0.289  0.021     0.284  0.017
  1987     7     0.476  0.059     0.340  0.034     0.258  0.028     0.289  0.021     0.284  0.017
  1987     8     0.336  0.079     0.338  0.036     0.265  0.028     0.289  0.021     0.285  0.017
  1987     9     0.369  0.052     0.360  0.035     0.275  0.029     0.288  0.022     0.287  0.017
  1987    10     0.316  0.059     0.377  0.032     0.283  0.029     0.287  0.022     0.289  0.017
  1987    11     0.223  0.041     0.391  0.033     0.289  0.029     0.286  0.022     0.292  0.017
  1987    12     0.481  0.039     0.393  0.034     0.293  0.030     0.285  0.022     0.294  0.017
  1988     1     0.488  0.046     0.382  0.036     0.300  0.030     0.284  0.022     0.296  0.017
  1988     2     0.361  0.043     0.390  0.034     0.303  0.030     0.284  0.023     0.299  0.017
  1988     3     0.413  0.050     0.391  0.035     0.306  0.030     0.284  0.023     0.301  0.017
  1988     4     0.429  0.055     0.394  0.038     0.311  0.031     0.284  0.023     0.304  0.017
  1988     5     0.403  0.062     0.384  0.039     0.318  0.030     0.284  0.023     0.306  0.017
  1988     6     0.426  0.069     0.367  0.040     0.322  0.030     0.284  0.023     0.309  0.017
  1988     7     0.343  0.079     0.328  0.040     0.325  0.030     0.285  0.022     0.312  0.017
  1988     8     0.424  0.062     0.323  0.041     0.327  0.029     0.284  0.022     0.316  0.017
  1988     9     0.386  0.054     0.309  0.039     0.329  0.029     0.282  0.023     0.317  0.017
  1988    10     0.351  0.082     0.295  0.039     0.331  0.028     0.283  0.023     0.319  0.017
  1988    11     0.105  0.071     0.271  0.040     0.331  0.028     0.281  0.023     0.320  0.018
  1988    12     0.274  0.059     0.250  0.040     0.338  0.028     0.281  0.023     0.322  0.018
  1989     1     0.019  0.057     0.249  0.038     0.345  0.027     0.282  0.023     0.324  0.017
  1989     2     0.299  0.043     0.240  0.037     0.349  0.026     0.281  0.023     0.327  0.018
  1989     3     0.246  0.048     0.236  0.037     0.355  0.026     0.282  0.023     0.328  0.018
  1989     4     0.269  0.049     0.234  0.035     0.358  0.026     0.284  0.022     0.329  0.018
  1989     5     0.108  0.077     0.240  0.034     0.362  0.026     0.284  0.022     0.330  0.018
  1989     6     0.180  0.064     0.251  0.031     0.365  0.026     0.287  0.022     0.331  0.018
  1989     7     0.324  0.060     0.281  0.027     0.368  0.026     0.289  0.022     0.332  0.018
  1989     8     0.319  0.042     0.287  0.025     0.368  0.027     0.289  0.022     0.333  0.018
  1989     9     0.337  0.066     0.325  0.027     0.373  0.027     0.291  0.022     0.334  0.018
  1989    10     0.332  0.057     0.351  0.029     0.374  0.027     0.294  0.023     0.335  0.018
  1989    11     0.170  0.046     0.384  0.028     0.375  0.027     0.297  0.023     0.335  0.018
  1989    12     0.413  0.054     0.403  0.029     0.373  0.027     0.300  0.023     0.335  0.018
  1990     1     0.378  0.057     0.415  0.030     0.368  0.026     0.303  0.023     0.335  0.018
  1990     2     0.367  0.033     0.419  0.032     0.365  0.026     0.309  0.023     0.335  0.018
  1990     3     0.698  0.057     0.417  0.029     0.358  0.026     0.312  0.023     0.336  0.018
  1990     4     0.581  0.069     0.428  0.031     0.355  0.027     0.316  0.023     0.337  0.018
  1990     5     0.509  0.059     0.449  0.028     0.351  0.027     0.317  0.023     0.337  0.018
  1990     6     0.403  0.065     0.449  0.029     0.347  0.027     0.320  0.023     0.337  0.018
  1990     7     0.475  0.054     0.451  0.029     0.345  0.027     0.325  0.023     0.338  0.018
  1990     8     0.362  0.058     0.460  0.034     0.345  0.027     0.328  0.023     0.338  0.018
  1990     9     0.315  0.077     0.429  0.033     0.344  0.027     0.330  0.023     0.339  0.018
  1990    10     0.464  0.073     0.425  0.031     0.342  0.027     0.333  0.023     0.340  0.018
  1990    11     0.419  0.062     0.417  0.034     0.340  0.026     0.337  0.023     0.340  0.018
  1990    12     0.417  0.054     0.430  0.034     0.338  0.026     0.338  0.023     0.341  0.018
  1991     1     0.398  0.035     0.435  0.031     0.337  0.026     0.339  0.023     0.340  0.018
  1991     2     0.481  0.080     0.444  0.032     0.334  0.025     0.341  0.023     0.341  0.018
  1991     3     0.329  0.053     0.454  0.029     0.330  0.025     0.342  0.023     0.341  0.018
  1991     4     0.523  0.076     0.446  0.027     0.329  0.025     0.342  0.023     0.342  0.018
  1991     5     0.422  0.077     0.437  0.026     0.329  0.025     0.341  0.023     0.344  0.018
  1991     6     0.559  0.062     0.433  0.027     0.328  0.024     0.342  0.023     0.345  0.018
  1991     7     0.529  0.051     0.439  0.028     0.332  0.024     0.345  0.023     0.346  0.017
  1991     8     0.467  0.054     0.433  0.027     0.328  0.024     0.348  0.023     0.346  0.017
  1991     9     0.436  0.042     0.441  0.027     0.329  0.024     0.349  0.022     0.348  0.017
  1991    10     0.366  0.069     0.421  0.031     0.331  0.025     0.350  0.022     0.349  0.017
  1991    11     0.318  0.054     0.411  0.031     0.335  0.024     0.352  0.022     0.351  0.017
  1991    12     0.364  0.045     0.390  0.033     0.339  0.024     0.355  0.022     0.352  0.017
  1992     1     0.470  0.052     0.359  0.035     0.339  0.024     0.355  0.022     0.355  0.017
  1992     2     0.412  0.055     0.331  0.038     0.338  0.025     0.355  0.023     0.357  0.017
  1992     3     0.425  0.047     0.295  0.040     0.339  0.024     0.358  0.023     0.361  0.017
  1992     4     0.285  0.092     0.272  0.043     0.341  0.025     0.360  0.023     0.363  0.017
  1992     5     0.301  0.058     0.247  0.045     0.346  0.024     0.361  0.022     0.365  0.018
  1992     6     0.304  0.049     0.235  0.045     0.345  0.024     0.363  0.022     0.367  0.018
  1992     7     0.155  0.065     0.226  0.044     0.347  0.025     0.362  0.022     0.369  0.018
  1992     8     0.131  0.072     0.224  0.043     0.353  0.025     0.363  0.022     0.371  0.018
  1992     9     0.003  0.049     0.216  0.042     0.350  0.025     0.365  0.022     0.373  0.018
  1992    10     0.091  0.063     0.217  0.036     0.348  0.025     0.368  0.022     0.375  0.018
  1992    11     0.020  0.063     0.217  0.034     0.346  0.025     0.372  0.022     0.377  0.018
  1992    12     0.220  0.073     0.219  0.034     0.348  0.025     0.374  0.022     0.378  0.018
  1993     1     0.359  0.059     0.229  0.033     0.350  0.025     0.374  0.022     0.379  0.018
  1993     2     0.397  0.082     0.237  0.033     0.353  0.025     0.378  0.022     0.380  0.018
  1993     3     0.325  0.027     0.251  0.035     0.354  0.025     0.380  0.022     0.381  0.019
  1993     4     0.300  0.072     0.267  0.035     0.355  0.025     0.383  0.022     0.382  0.019
  1993     5     0.299  0.044     0.274  0.035     0.356  0.025     0.386  0.022     0.383  0.018
  1993     6     0.323  0.070     0.274  0.033     0.355  0.026     0.389  0.022     0.384  0.018
  1993     7     0.285  0.075     0.265  0.033     0.353  0.026     0.392  0.022     0.385  0.019
  1993     8     0.221  0.058     0.237  0.027     0.354  0.025     0.395  0.022     0.387  0.019
  1993     9     0.174  0.061     0.236  0.027     0.356  0.025     0.396  0.022     0.388  0.019
  1993    10     0.277  0.067     0.243  0.027     0.353  0.026     0.397  0.021     0.390  0.019
  1993    11     0.113  0.064     0.245  0.025     0.351  0.026     0.400  0.021     0.392  0.019
  1993    12     0.220  0.060     0.255  0.025     0.347  0.026     0.402  0.021     0.394  0.018
  1994     1     0.248  0.050     0.258  0.025     0.345  0.025     0.406  0.021     0.396  0.019
  1994     2     0.064  0.049     0.261  0.025     0.346  0.025     0.409  0.021     0.398  0.019
  1994     3     0.309  0.035     0.278  0.022     0.343  0.025     0.410  0.021     0.400  0.019
  1994     4     0.385  0.059     0.295  0.022     0.341  0.024     0.411  0.021     0.402  0.019
  1994     5     0.321  0.052     0.321  0.024     0.343  0.024     0.412  0.022     0.402  0.019
  1994     6     0.447  0.076     0.334  0.029     0.345  0.024     0.415  0.022     0.404  0.019
  1994     7     0.324  0.058     0.356  0.032     0.342  0.023     0.415  0.022     0.405  0.019
  1994     8     0.253  0.073     0.413  0.033     0.341  0.023     0.416  0.022     0.406  0.019
  1994     9     0.380  0.065     0.425  0.034     0.343  0.023     0.416  0.022     0.407  0.019
  1994    10     0.476  0.082     0.437  0.032     0.345  0.022     0.417  0.022     0.409  0.019
  1994    11     0.429  0.063     0.439  0.034     0.347  0.022     0.419  0.022     0.412  0.019
  1994    12     0.376  0.052     0.447  0.035     0.352  0.021     0.419  0.022     0.415  0.019
  1995     1     0.507  0.061     0.468  0.033     0.357  0.021     0.418  0.022     0.417  0.019
  1995     2     0.747  0.055     0.493  0.032     0.362  0.021     0.420  0.022     0.420  0.019
  1995     3     0.459  0.040     0.493  0.030     0.371  0.021     0.418  0.022     0.422  0.019
  1995     4     0.519  0.060     0.499  0.030     0.382  0.020     0.418  0.022     0.425  0.019
  1995     5     0.347  0.060     0.502  0.031     0.393  0.021     0.417  0.022     0.427  0.019
  1995     6     0.551  0.050     0.498  0.034     0.400  0.021     0.417  0.022     0.429  0.019
  1995     7     0.574  0.071     0.481  0.033     0.404  0.021     0.416  0.022     0.432  0.019
  1995     8     0.545  0.094     0.465  0.033     0.412  0.021     0.417  0.022     0.434  0.019
  1995     9     0.389  0.066     0.459  0.036     0.417  0.020     0.418  0.021     0.436  0.019
  1995    10     0.540  0.070     0.448  0.037     0.424  0.021     0.417  0.021     0.439  0.019
  1995    11     0.474  0.055     0.444  0.039     0.431  0.021     0.417  0.021     0.442  0.018
  1995    12     0.321  0.066     0.422  0.038     0.439  0.021     0.416  0.021     0.445  0.018
  1996     1     0.304  0.057     0.409  0.034     0.447  0.021     0.416  0.021     0.447  0.018
  1996     2     0.551  0.037     0.407  0.030     0.456  0.022     0.416  0.021     0.448  0.018
  1996     3     0.397  0.069     0.399  0.028     0.461  0.021     0.418  0.020     0.450  0.018
  1996     4     0.384  0.058     0.374  0.026     0.464  0.022     0.418  0.020     0.451  0.018
  1996     5     0.295  0.065     0.371  0.026     0.470  0.022     0.420  0.020     0.451  0.018
  1996     6     0.294  0.051     0.381  0.025     0.477  0.022     0.420  0.020     0.453  0.018
  1996     7     0.409  0.031     0.382  0.027     0.480  0.023     0.420  0.020     0.455  0.018
  1996     8     0.531  0.055     0.368  0.030     0.490  0.024     0.421  0.019     0.458  0.017
  1996     9     0.288  0.063     0.379  0.030     0.490  0.024     0.422  0.019     0.460  0.017
  1996    10     0.238  0.068     0.383  0.030     0.490  0.024     0.424  0.019     0.462  0.017
  1996    11     0.435  0.057     0.391  0.028     0.490  0.025     0.427  0.019     0.465  0.017
  1996    12     0.450  0.040     0.417  0.026     0.490  0.026     0.429  0.019     0.468  0.017
  1997     1     0.315  0.059     0.419  0.026     0.491  0.026     0.431  0.019     0.470  0.018
  1997     2     0.385  0.061     0.413  0.027     0.493  0.026     0.434  0.019     0.472  0.017
  1997     3     0.526  0.035     0.436  0.028     0.494  0.026     0.437  0.018     0.474  0.017
  1997     4     0.425  0.055     0.474  0.031     0.493  0.026     0.440  0.018     0.476  0.017
  1997     5     0.398  0.051     0.496  0.035     0.492  0.025     0.443  0.018     0.478  0.017
  1997     6     0.609  0.034     0.513  0.040     0.493  0.025     0.446  0.018     0.479  0.017
  1997     7     0.427  0.070     0.537  0.040     0.490  0.024     0.450  0.018     0.480  0.017
  1997     8     0.465  0.069     0.574  0.037     0.486  0.024     0.454  0.018     0.481  0.017
  1997     9     0.557  0.080     0.583  0.038     0.487  0.024     0.459  0.018     0.482  0.017
  1997    10     0.696  0.069     0.609  0.037     0.488  0.024     0.463  0.018     0.483  0.017
  1997    11     0.701  0.082     0.638  0.037     0.488  0.023     0.468  0.018     0.485  0.017
  1997    12     0.653  0.068     0.653  0.039     0.486  0.024     0.471  0.018     0.485  0.017
  1998     1     0.598  0.041     0.681  0.036     0.483  0.024     0.474  0.018     0.484  0.017
  1998     2     0.840  0.038     0.706  0.035     0.482  0.024     0.475  0.018     0.484  0.017
  1998     3     0.630  0.058     0.700  0.032     0.483  0.024     0.477  0.018     0.485  0.017
  1998     4     0.740  0.052     0.681  0.031     0.479  0.024     0.479  0.018     0.485  0.016
  1998     5     0.744  0.043     0.660  0.027     0.477  0.023     0.482  0.018     0.486  0.016
  1998     6     0.784  0.067     0.656  0.023     0.477  0.023     0.483  0.019     0.486  0.016
  1998     7     0.760  0.058     0.644  0.023     0.480  0.023     0.486  0.019     0.487  0.016
  1998     8     0.767  0.044     0.629  0.025     0.478  0.022     0.490  0.019     0.488  0.016
  1998     9     0.485  0.058     0.605  0.024     0.481  0.022     0.494  0.019     0.488  0.016
  1998    10     0.472  0.066     0.574  0.026     0.484  0.021     0.498  0.018     0.490  0.016
  1998    11     0.454  0.016     0.538  0.029     0.488  0.020     0.502  0.019     0.492  0.016
  1998    12     0.603  0.038     0.510  0.032     0.493  0.020     0.507  0.019     0.494  0.016
  1999     1     0.453  0.075     0.479  0.035     0.496  0.020     0.510  0.019     0.496  0.016
  1999     2     0.661  0.064     0.447  0.037     0.496  0.019     0.515  0.020     0.497  0.016
  1999     3     0.333  0.044     0.442  0.039     0.501  0.019     0.518  0.020     0.498  0.016
  1999     4     0.368  0.071     0.437  0.038     0.506  0.019     0.520  0.020     0.500  0.016
  1999     5     0.320  0.084     0.431  0.038     0.511  0.019     0.520  0.020     0.502  0.016
  1999     6     0.439  0.059     0.419  0.037     0.514  0.019     0.520  0.020     0.504  0.016
  1999     7     0.400  0.060     0.404  0.036     0.521  0.019     0.520  0.020     0.506  0.016
  1999     8     0.375  0.063     0.394  0.033     0.526  0.018     0.522  0.020     0.508  0.016
  1999     9     0.422  0.056     0.408  0.032     0.532  0.019     0.524  0.020     0.509  0.016
  1999    10     0.413  0.048     0.425  0.029     0.535  0.019     0.525  0.020     0.511  0.016
  1999    11     0.383  0.039     0.428  0.025     0.539  0.019     0.528  0.020     0.514  0.016
  1999    12     0.460  0.050     0.427  0.024     0.539  0.020     0.529  0.019     0.515  0.016
  2000     1     0.277  0.035     0.427  0.025     0.543  0.019     0.531  0.019     0.517  0.016
  2000     2     0.537  0.031     0.435  0.025     0.545  0.019     0.530  0.019     0.519  0.016
  2000     3     0.504  0.035     0.438  0.025     0.546  0.019     0.533  0.019     0.520  0.016
  2000     4     0.574  0.052     0.430  0.024     0.545  0.019     0.534  0.019     0.521  0.016
  2000     5     0.353  0.041     0.427  0.022     0.543  0.018     0.537  0.019     0.522  0.016
  2000     6     0.428  0.047     0.416  0.020     0.541  0.017     0.538  0.018     0.523  0.016
  2000     7     0.393  0.064     0.432  0.022     0.544  0.017     0.539  0.018     0.524  0.016
  2000     8     0.475  0.064     0.423  0.023     0.539  0.017     0.540  0.018     0.525  0.016
  2000     9     0.456  0.052     0.428  0.024     0.538  0.017     0.543  0.018     0.527  0.016
  2000    10     0.324  0.047     0.427  0.024     0.535  0.017     0.545  0.018     0.528  0.016
  2000    11     0.342  0.045     0.445  0.023     0.533  0.017     0.548  0.018     0.530  0.016
  2000    12     0.327  0.046     0.456  0.022     0.528  0.017     0.551  0.017     0.530  0.016
  2001     1     0.466  0.053     0.473  0.021     0.525  0.018     0.554  0.017     0.531  0.016
  2001     2     0.440  0.046     0.480  0.018     0.523  0.017     0.556  0.017     0.531  0.015
  2001     3     0.563  0.044     0.489  0.021     0.527  0.017     0.558  0.017     0.532  0.015
  2001     4     0.553  0.049     0.508  0.022     0.532  0.016     0.559  0.017     0.533  0.015
  2001     5     0.567  0.056     0.540  0.027     0.534  0.016     0.561  0.016     0.534  0.015
  2001     6     0.564  0.062     0.567  0.029     0.537  0.016     0.565  0.016     0.534  0.015
  2001     7     0.603  0.072     0.589  0.028     0.540  0.016     0.566  0.017     0.535  0.015
  2001     8     0.556  0.026     0.608  0.026     0.540  0.017     0.568  0.017     0.536  0.015
  2001     9     0.559  0.073     0.633  0.027     0.545  0.017     0.571  0.017     0.537  0.015
  2001    10     0.560  0.044     0.639  0.028     0.549  0.017     0.575  0.017     0.538  0.015
  2001    11     0.721  0.059     0.647  0.029     0.550  0.016     0.577  0.017     0.539  0.015
  2001    12     0.656  0.069     0.651  0.033     0.551  0.016     0.580  0.017     0.540  0.015
  2002     1     0.723  0.024     0.655  0.034     0.549  0.016     0.586  0.017     0.540  0.015
  2002     2     0.674  0.041     0.656  0.033     0.551  0.017     0.589  0.017     0.540  0.015
  2002     3     0.867  0.057     0.664  0.031     0.554  0.017     0.590  0.017     0.541  0.015
  2002     4     0.615  0.036     0.668  0.034     0.558  0.017     0.593  0.016     0.542  0.015
  2002     5     0.664  0.065     0.658  0.032     0.563  0.017     0.595  0.016     0.544  0.015
  2002     6     0.618  0.088     0.649  0.032     0.564  0.018     0.595  0.016     0.546  0.015
  2002     7     0.652  0.044     0.651  0.031     0.572  0.018     0.597  0.016     0.548  0.015
  2002     8     0.569  0.061     0.642  0.029     0.574  0.018     0.598  0.016     0.550  0.015
  2002     9     0.644  0.084     0.615  0.028     0.578  0.018     0.598  0.015     0.553  0.015
  2002    10     0.616  0.061     0.611  0.027     0.580  0.018     0.598  0.015     0.556  0.014
  2002    11     0.598  0.032     0.606  0.022     0.586  0.017     0.597  0.015     0.560  0.014
  2002    12     0.545  0.043     0.596  0.020     0.590  0.016     0.596  0.014     0.561  0.014
  2003     1     0.752  0.048     0.588  0.021     0.595  0.016     0.593  0.014     0.562  0.015
  2003     2     0.566  0.035     0.598  0.020     0.598  0.016     0.589  0.014     0.563  0.015
  2003     3     0.545  0.027     0.603  0.016     0.603  0.015     0.589  0.014     0.564  0.015
  2003     4     0.562  0.066     0.617  0.014     0.611  0.015     0.587  0.014     0.566  0.015
  2003     5     0.606  0.032     0.615  0.014     0.619  0.015     0.585  0.014     0.567  0.015
  2003     6     0.497  0.086     0.634  0.016     0.626  0.015     0.583  0.014     0.569  0.015
  2003     7     0.558  0.062     0.623  0.020     0.628  0.015     0.582  0.014     0.570  0.015
  2003     8     0.686  0.039     0.634  0.023     0.634  0.015     0.580  0.014     0.572  0.015
  2003     9     0.703  0.044     0.640  0.025     0.635  0.015     0.581  0.014     0.574  0.015
  2003    10     0.782  0.032     0.645  0.026     0.635  0.016     0.583  0.014     0.576  0.015
  2003    11     0.573  0.038     0.626  0.028     0.635  0.016     0.585  0.014     0.579  0.015
  2003    12     0.781  0.057     0.623  0.024     0.637  0.017     0.585  0.014     0.581  0.015
  2004     1     0.612  0.056     0.604  0.024     0.636  0.017     0.587  0.014     0.583  0.015
  2004     2     0.708  0.045     0.587  0.029     0.639  0.017     0.586  0.014     0.585  0.015
  2004     3     0.608  0.039     0.577  0.032     0.640  0.017     0.587  0.014     0.587  0.015
  2004     4     0.631  0.048     0.566  0.033     0.643  0.018     0.589  0.014     0.588  0.015
  2004     5     0.374  0.052     0.577  0.033     0.643  0.017     0.591  0.014     0.590  0.015
  2004     6     0.458  0.061     0.556  0.033     0.647  0.018     0.594  0.014     0.591  0.015
  2004     7     0.330  0.050     0.567  0.031     0.650  0.018     0.597  0.014     0.593  0.015
  2004     8     0.489  0.078     0.563  0.030     0.652  0.018     0.600  0.014     0.595  0.015
  2004     9     0.576  0.059     0.574  0.029     0.648  0.017     0.602  0.013     0.597  0.015
  2004    10     0.651  0.052     0.580  0.026     0.652  0.017     0.605  0.013     0.599  0.015
  2004    11     0.705  0.067     0.604  0.023     0.652  0.016     0.608  0.013     0.599  0.015
  2004    12     0.528  0.044     0.625  0.019     0.652  0.015     0.611  0.013     0.601  0.015
  2005     1     0.748  0.050     0.654  0.018     0.652  0.016     0.615  0.014     0.602  0.015
  2005     2     0.654  0.046     0.668  0.018     0.652  0.015     0.618  0.014     0.603  0.015
  2005     3     0.748  0.026     0.682  0.019     0.650  0.015     0.621  0.014     0.604  0.015
  2005     4     0.705  0.039     0.698  0.020     0.651  0.015     0.624  0.014     0.606  0.015
  2005     5     0.660  0.041     0.704  0.019     0.651  0.015     0.627  0.014     0.607  0.014
  2005     6     0.709  0.042     0.724  0.021     0.650  0.015     0.630  0.014     0.609  0.015
  2005     7     0.671  0.035     0.712  0.022     0.642  0.015     0.632  0.014     0.610  0.015
  2005     8     0.666  0.039     0.722  0.021     0.638  0.014     0.634  0.014     0.611  0.015
  2005     9     0.734  0.035     0.714  0.021     0.640  0.014     0.635  0.014     0.613  0.015
  2005    10     0.850  0.064     0.701  0.024     0.640  0.014     0.639  0.014     0.615  0.015
  2005    11     0.770  0.030     0.690  0.024     0.638  0.014     0.643  0.014     0.618  0.015
  2005    12     0.767  0.043     0.689  0.025     0.638  0.013     0.645  0.014     0.621  0.015
  2006     1     0.611  0.041     0.680  0.025     0.639  0.013     0.645  0.014     0.625  0.015
  2006     2     0.778  0.048     0.685  0.025     0.637  0.014     0.646  0.014     0.628  0.015
  2006     3     0.649  0.048     0.677  0.029     0.635  0.014     0.647  0.014     0.631  0.015
  2006     4     0.551  0.051     0.668  0.030     0.634  0.015     0.648  0.015     0.634  0.015
  2006     5     0.527  0.043     0.664  0.029     0.636  0.015     0.648  0.014     0.637  0.015
  2006     6     0.690  0.062     0.671  0.030     0.632  0.015     0.648  0.014     0.640  0.015
  2006     7     0.562  0.027     0.699  0.030     0.634  0.016     0.650  0.014     0.642  0.015
  2006     8     0.728  0.069     0.696  0.028     0.631  0.016     0.651  0.014     0.644  0.015
  2006     9     0.646  0.062     0.698  0.024     0.629  0.016     0.652  0.014     0.646  0.015
  2006    10     0.739  0.062     0.720  0.022     0.629  0.016     0.653  0.015     0.649  0.016
  2006    11     0.724  0.031     0.732  0.020     0.633  0.015     0.651  0.015     0.652  0.016
  2006    12     0.842  0.044     0.726  0.018     0.637  0.015     0.651  0.016     0.654  0.016
  2007     1     0.957  0.039     0.733  0.020     0.644  0.015     0.649  0.016     0.657  0.016
  2007     2     0.741  0.039     0.721  0.023     0.648  0.014     0.647  0.016     0.660  0.016
  2007     3     0.667  0.066     0.713  0.022     0.650  0.013     0.644  0.016     0.662  0.016
  2007     4     0.819  0.049     0.707  0.020     0.652  0.013     0.645  0.016     0.665  0.016
  2007     5     0.663  0.053     0.695  0.019     0.653  0.013     0.645  0.016     0.667  0.016
  2007     6     0.619  0.027     0.668  0.020     0.657  0.013     0.646  0.016     0.667  0.016
  2007     7     0.652  0.057     0.610  0.021     0.658  0.013     0.646  0.016     0.669  0.016
  2007     8     0.585  0.055     0.576  0.019     0.661  0.013     0.647  0.016     0.671  0.016
  2007     9     0.544  0.047     0.574  0.016     0.664  0.014     0.648  0.016     0.672  0.016
  2007    10     0.666  0.050     0.550  0.013     0.667  0.015     0.650  0.016     0.673  0.016
  2007    11     0.587  0.036     0.538  0.012     0.669  0.015     0.651  0.016     0.674  0.016
  2007    12     0.516  0.035     0.528  0.012     0.669  0.016     0.651  0.016     0.675  0.016
  2008     1     0.267  0.045     0.525  0.013     0.669  0.016     0.651  0.016     0.676  0.016
  2008     2     0.322  0.026     0.522  0.015     0.669  0.016     0.651  0.016     0.676  0.016
  2008     3     0.645  0.059     0.528  0.017     0.668  0.017     0.652  0.016     0.676  0.016
  2008     4     0.539  0.037     0.531  0.016     0.667  0.017     0.652  0.016     0.677  0.016
  2008     5     0.519  0.033     0.539  0.017     0.667  0.017     0.652  0.016     0.677  0.016
  2008     6     0.496  0.044     0.544  0.019     0.663  0.017     0.654  0.016     0.678  0.016
  2008     7     0.611  0.046     0.579  0.020     0.662  0.017     0.654  0.017     0.678  0.016
  2008     8     0.558  0.051     0.599  0.021     0.658  0.017     0.654  0.017     0.678  0.017
  2008     9     0.606  0.054     0.586  0.022     0.658  0.017     0.655  0.017     0.680  0.017
  2008    10     0.704  0.048     0.590  0.022     0.660  0.017     0.654  0.018     0.682  0.017
  2008    11     0.683  0.031     0.599  0.020     0.660  0.017     0.656  0.018     0.683  0.017
  2008    12     0.578  0.053     0.616  0.023     0.660  0.017     0.655  0.018     0.684  0.017
  2009     1     0.684  0.058     0.631  0.023     0.663  0.017     0.656  0.018     0.686  0.017
  2009     2     0.571  0.040     0.644  0.024     0.664  0.017     0.655  0.018     0.687  0.017
  2009     3     0.482  0.042     0.653  0.020     0.663  0.017     0.656  0.018     0.691  0.017
  2009     4     0.592  0.054     0.656  0.019     0.662  0.017     0.657  0.018     0.693  0.017
  2009     5     0.619  0.057     0.664  0.020     0.659  0.017     0.661  0.018     0.696  0.017
  2009     6     0.708  0.058     0.679  0.021     0.655  0.018     0.662  0.018     0.698  0.017
  2009     7     0.791  0.071     0.688  0.021     0.647  0.018     0.665  0.018     0.700  0.018
  2009     8     0.710  0.058     0.713  0.022     0.643  0.019     0.668  0.018     0.702  0.018
  2009     9     0.712  0.064     0.746  0.024     0.639  0.019     0.670  0.018     0.704  0.018
  2009    10     0.736  0.040     0.773  0.028     0.637  0.019     0.672  0.019     0.707  0.018
  2009    11     0.784  0.049     0.785  0.028     0.639  0.018     0.671  0.019     0.709  0.018
  2009    12     0.755  0.031     0.785  0.028     0.641  0.019     0.673  0.019     0.712  0.018
  2010     1     0.797  0.045     0.775  0.026     0.640  0.020     0.674  0.019     0.716  0.018
  2010     2     0.871  0.043     0.774  0.026     0.642  0.021     0.675  0.019     0.718  0.018
  2010     3     0.877  0.055     0.770  0.029     0.645  0.021     0.676  0.019     0.721  0.018
  2010     4     0.914  0.059     0.773  0.031     0.648  0.022     0.677  0.019     0.723  0.018
  2010     5     0.769  0.051     0.772  0.032     0.651  0.022     0.678  0.019     0.726  0.018
  2010     6     0.709  0.063     0.755  0.033     0.652  0.022     0.679  0.019     0.728  0.018
  2010     7     0.661  0.040     0.735  0.032     0.659  0.022     0.680  0.019     0.730  0.018
  2010     8     0.705  0.054     0.708  0.033     0.664  0.022     0.682  0.020     0.732  0.019
  2010     9     0.664  0.059     0.687  0.036     0.663  0.022     0.684  0.020     0.734  0.019
  2010    10     0.766  0.064     0.667  0.035     0.664  0.022     0.686  0.020     0.737  0.019
  2010    11     0.774  0.068     0.648  0.035     0.666  0.022     0.687  0.020     0.740  0.019
  2010    12     0.553  0.032     0.645  0.035     0.669  0.022     0.691  0.020     0.742  0.019
  2011     1     0.563  0.045     0.653  0.037     0.669  0.023     0.695  0.020     0.743  0.020
  2011     2     0.537  0.049     0.656  0.036     0.671  0.024     0.700  0.020     0.744  0.020
  2011     3     0.635  0.060     0.651  0.038     0.674  0.024     0.704  0.020     0.745  0.020
  2011     4     0.665  0.047     0.644  0.038     0.674  0.024     0.709  0.020     0.746  0.020
  2011     5     0.543  0.042     0.627  0.036     0.676  0.025     0.713  0.020     0.747  0.020
  2011     6     0.672  0.067     0.630  0.038     0.678  0.025     0.714  0.020     0.748  0.020
  2011     7     0.754  0.071     0.620  0.038     0.679  0.025     0.717  0.020     0.749  0.020
  2011     8     0.744  0.059     0.617  0.037     0.679  0.026     0.720  0.021     0.751  0.020
  2011     9     0.601  0.076     0.604  0.034     0.683  0.026     0.722  0.020     0.752  0.020
  2011    10     0.691  0.063     0.607  0.033     0.686  0.026     0.724  0.020     0.754  0.021
  2011    11     0.572  0.069     0.625  0.032     0.689  0.026     0.726  0.020     0.755  0.021
  2011    12     0.588  0.050     0.630  0.032     0.688  0.027     0.727  0.020     0.756  0.021
  2012     1     0.441  0.051     0.616  0.032     0.686  0.027     0.727  0.020     0.757  0.021
  2012     2     0.499  0.041     0.612  0.033     0.688  0.027     0.731  0.020     0.757  0.021
  2012     3     0.478  0.063     0.623  0.032     0.690  0.028     0.735  0.020     0.758  0.021
  2012     4     0.702  0.029     0.637  0.030     0.691  0.028     0.736  0.020     0.759  0.021
  2012     5     0.752  0.048     0.656  0.028     0.689  0.028     0.738  0.020     0.760  0.021
  2012     6     0.733  0.055     0.653  0.027     0.690  0.028     0.739  0.020     0.761  0.021
  2012     7     0.591  0.080     0.674  0.027     0.690  0.028     0.741  0.021     0.763  0.021
  2012     8     0.695  0.051     0.682  0.024     0.689  0.028     0.744  0.021     0.764  0.021
  2012     9     0.729  0.067     0.693  0.022     0.689  0.027     0.746  0.022     0.765  0.021
  2012    10     0.866  0.043     0.683  0.021     0.687  0.027     0.748  0.022     0.767  0.021
  2012    11     0.792  0.045     0.673  0.023     0.688  0.026     0.750  0.023     0.768  0.021
  2012    12     0.562  0.027     0.671  0.022     0.690  0.026     0.753  0.023     0.769  0.022
  2013     1     0.690  0.043     0.670  0.025     0.692  0.026     0.758  0.023     0.770  0.022
  2013     2     0.594  0.031     0.670  0.026     0.695  0.026     0.762  0.023     0.771  0.022
  2013     3     0.611  0.045     0.674  0.029     0.699  0.026     0.764  0.023     0.774  0.022
  2013     4     0.586  0.068     0.658  0.031     0.704  0.026     0.767  0.023     0.776  0.022
  2013     5     0.622  0.047     0.661  0.033     0.708  0.026     0.769  0.023     0.777  0.022
  2013     6     0.710  0.070     0.674  0.036     0.718  0.026     0.772  0.023     0.780  0.022
  2013     7     0.585  0.101     0.678  0.038     0.728  0.026     0.774  0.023     0.783  0.022
  2013     8     0.694  0.061     0.674  0.040     0.741  0.026     0.776  0.024     0.786  0.022
  2013     9     0.776  0.058     0.682  0.040     0.751  0.026     0.778  0.024     0.789  0.022
  2013    10     0.679  0.066     0.698  0.037     0.758  0.026     0.780  0.025     0.792  0.022
  2013    11     0.819  0.048     0.713  0.037     0.766  0.026     0.781  0.025     0.796  0.022
  2013    12     0.716  0.062     0.711  0.039     0.769  0.027     0.784  0.025     0.798  0.023
  2014     1     0.740  0.059     0.714  0.037     0.772  0.027     0.786  0.025     0.801  0.023
  2014     2     0.554  0.040     0.726  0.036     0.776  0.028     0.789  0.025     0.804  0.022
  2014     3     0.708  0.055     0.732  0.034     0.782  0.028     0.794  0.025     0.806  0.022
  2014     4     0.771  0.038     0.745  0.036     0.786  0.028     0.798  0.026     0.809  0.022
  2014     5     0.800  0.058     0.731  0.037     0.793  0.027     0.800  0.026     0.812  0.022
  2014     6     0.684  0.079     0.736  0.037     0.799  0.027     0.802  0.026     0.816  0.022
  2014     7     0.631  0.065     0.742  0.035     0.808  0.027     0.803  0.026     0.819  0.022
  2014     8     0.829  0.063     0.766  0.033     0.819  0.026     0.805  0.027     0.823  0.022
  2014     9     0.856  0.059     0.778  0.033     0.830  0.026     0.806  0.027     0.826  0.022
  2014    10     0.832  0.073     0.779  0.033     0.834  0.026     0.809  0.027     0.829  0.022
  2014    11     0.650  0.050     0.781  0.032     0.837  0.026     0.811  0.027     0.831  0.022
  2014    12     0.777  0.051     0.794  0.033     0.838  0.026     0.813  0.027     0.834  0.023
  2015     1     0.813  0.031     0.809  0.035     0.842  0.027     0.816  0.027     0.837  0.023
  2015     2     0.845  0.054     0.813  0.038     0.846  0.027     0.819  0.027     0.839  0.023
  2015     3     0.844  0.052     0.816  0.037     0.847  0.028     0.821  0.027     0.842  0.023
  2015     4     0.785  0.043     0.837  0.036     0.848  0.029     0.823  0.027     0.844  0.023
  2015     5     0.826  0.075     0.866  0.036     0.849  0.029     0.824  0.027     0.845  0.023
  2015     6     0.836  0.071     0.897  0.035     0.854  0.029     0.826  0.027     0.847  0.024
  2015     7     0.810  0.059     0.927  0.035     0.856  0.030     0.829  0.027     0.848  0.024
  2015     8     0.883  0.088     0.963  0.035     0.861  0.029     0.830  0.027     0.850  0.024
  2015     9     0.890  0.072     0.997  0.035     0.865  0.029     0.833  0.027     0.852  0.024
  2015    10     1.082  0.080     1.024  0.036     0.870  0.029     0.834  0.027     0.854  0.024
  2015    11     0.998  0.055     1.037  0.036     0.873  0.028     0.837  0.028     0.856  0.024
  2015    12     1.156  0.057     1.040  0.037     0.875  0.029     0.839  0.028     0.857  0.024
  2016     1     1.171  0.036     1.049  0.038     0.879  0.028     0.841  0.028     0.859  0.025
  2016     2     1.279  0.028     1.061  0.038     0.882  0.029     0.842  0.028     0.861  0.025
  2016     3     1.246  0.043     1.064  0.040     0.882  0.029     0.843  0.028     0.864  0.025
  2016     4     1.110  0.039     1.055  0.039     0.887  0.030     0.844  0.028     0.866  0.025
  2016     5     0.980  0.056     1.051  0.036     0.887  0.031     0.847  0.028       NaN    NaN
  2016     6     0.874  0.071     1.032  0.035     0.890  0.031     0.848  0.028       NaN    NaN
  2016     7     0.914  0.078     1.020  0.034     0.893  0.031     0.849  0.028       NaN    NaN
  2016     8     1.033  0.094     1.008  0.033     0.899  0.031     0.850  0.028       NaN    NaN
  2016     9     0.926  0.079     1.000  0.032     0.906  0.031     0.853  0.028       NaN    NaN
  2016    10     0.973  0.071     0.987  0.033     0.910  0.030     0.856  0.029       NaN    NaN
  2016    11     0.947  0.037     0.983  0.033     0.912  0.031     0.859  0.029       NaN    NaN
  2016    12     0.935  0.061     0.975  0.030     0.915  0.031     0.861  0.028       NaN    NaN
  2017     1     1.028  0.042     0.969  0.033     0.920  0.031     0.865  0.028       NaN    NaN
  2017     2     1.132  0.053     0.959  0.031     0.922  0.031     0.868  0.028       NaN    NaN
  2017     3     1.154  0.040     0.949  0.030     0.922  0.032     0.872  0.028       NaN    NaN
  2017     4     0.948  0.042     0.944  0.035     0.927  0.031     0.874  0.028       NaN    NaN
  2017     5     0.936  0.062     0.934  0.038     0.932  0.031     0.874  0.028       NaN    NaN
  2017     6     0.774  0.064     0.932  0.039     0.937  0.031     0.876  0.029       NaN    NaN
  2017     7     0.847  0.083     0.915  0.040     0.943  0.032     0.879  0.029       NaN    NaN
  2017     8     0.907  0.079     0.891  0.037     0.948  0.032     0.881  0.029       NaN    NaN
  2017     9     0.806  0.065     0.866  0.036     0.952  0.032     0.883  0.030       NaN    NaN
  2017    10     0.912  0.093     0.862  0.035     0.959  0.032     0.884  0.030       NaN    NaN
  2017    11     0.833  0.077     0.852  0.033     0.961  0.032     0.884  0.030       NaN    NaN
  2017    12     0.912  0.045     0.855  0.036     0.963  0.032     0.887  0.031       NaN    NaN
  2018     1     0.814  0.057     0.856  0.036     0.965  0.032     0.888  0.031       NaN    NaN
  2018     2     0.852  0.042     0.850  0.037     0.965  0.032     0.891  0.031       NaN    NaN
  2018     3     0.844  0.053     0.849  0.041     0.966  0.033     0.896  0.031       NaN    NaN
  2018     4     0.907  0.056     0.854  0.043     0.964  0.033     0.900  0.031       NaN    NaN
  2018     5     0.813  0.048     0.852  0.045     0.965  0.034     0.903  0.031       NaN    NaN
  2018     6     0.818  0.064     0.853  0.047     0.960  0.034     0.907  0.031       NaN    NaN
  2018     7     0.856  0.055     0.860  0.045     0.954  0.034     0.913  0.030       NaN    NaN
  2018     8     0.834  0.102     0.865  0.046     0.943  0.034     0.918  0.030       NaN    NaN
  2018     9     0.793  0.090     0.889  0.045     0.935  0.034     0.924  0.030       NaN    NaN
  2018    10     0.974  0.096     0.899  0.045     0.930  0.034     0.930  0.031       NaN    NaN
  2018    11     0.804  0.099     0.905  0.046     0.928  0.034     0.935  0.031       NaN    NaN
  2018    12     0.928  0.060     0.911  0.045     0.927  0.034     0.941  0.031       NaN    NaN
  2019     1     0.893  0.042     0.919  0.048     0.926  0.034     0.945  0.031       NaN    NaN
  2019     2     0.922  0.034     0.927  0.047     0.924  0.034     0.952  0.031       NaN    NaN
  2019     3     1.127  0.056     0.934  0.044     0.925  0.034     0.957  0.031       NaN    NaN
  2019     4     1.030  0.049     0.943  0.040     0.926  0.035     0.961  0.031       NaN    NaN
  2019     5     0.886  0.049     0.956  0.038     0.926  0.035     0.964  0.031       NaN    NaN
  2019     6     0.886  0.065     0.971  0.038     0.924  0.035     0.969  0.031       NaN    NaN
  2019     7     0.948  0.093     0.992  0.040     0.922  0.036     0.974  0.031       NaN    NaN
  2019     8     0.935  0.061     1.012  0.041     0.917  0.036     0.978  0.031       NaN    NaN
  2019     9     0.871  0.070     1.010  0.040     0.914  0.036     0.981  0.032       NaN    NaN
  2019    10     1.081  0.053     1.021  0.038     0.913  0.036     0.986  0.032       NaN    NaN
  2019    11     0.965  0.050     1.028  0.036     0.911  0.036     0.991  0.032       NaN    NaN
  2019    12     1.105  0.074     1.033  0.034     0.915  0.036     0.996  0.033       NaN    NaN
  2020     1     1.142  0.062     1.033  0.032     0.916  0.036     1.000  0.033       NaN    NaN
  2020     2     1.172  0.055     1.029  0.032     0.917  0.037     1.004  0.033       NaN    NaN
  2020     3     1.101  0.056     1.036  0.034     0.919  0.037     1.007  0.033       NaN    NaN
  2020     4     1.155  0.028     1.022  0.038     0.921  0.036     1.011  0.034       NaN    NaN
  2020     5     0.978  0.044     1.032  0.040     0.919  0.036     1.013  0.034       NaN    NaN
  2020     6     0.937  0.057     1.009  0.039     0.919  0.037     1.014  0.034       NaN    NaN
  2020     7     0.948  0.053     0.982  0.039     0.920  0.037     1.016  0.034       NaN    NaN
  2020     8     0.894  0.072     0.937  0.040     0.922  0.037     1.018  0.034       NaN    NaN
  2020     9     0.956  0.084     0.911  0.040     0.927  0.038     1.021  0.034       NaN    NaN
  2020    10     0.915  0.098     0.882  0.040     0.930  0.037     1.022  0.034       NaN    NaN
  2020    11     1.084  0.075     0.869  0.042     0.932  0.037     1.024  0.034       NaN    NaN
  2020    12     0.827  0.063     0.860  0.043     0.938  0.037     1.023  0.034       NaN    NaN
  2021     1     0.815  0.053     0.854  0.047     0.946  0.037     1.023  0.035       NaN    NaN
  2021     2     0.637  0.034     0.857  0.050     0.955  0.036     1.023  0.035       NaN    NaN
  2021     3     0.781  0.050     0.856  0.050     0.966  0.036     1.023  0.035       NaN    NaN
  2021     4     0.806  0.035     0.867  0.049     0.974  0.036     1.023  0.036       NaN    NaN
  2021     5     0.823  0.068     0.854  0.047     0.984  0.035       NaN    NaN       NaN    NaN
  2021     6     0.833  0.048     0.856  0.047     0.992  0.035       NaN    NaN       NaN    NaN
  2021     7     0.880  0.088     0.862  0.046     0.998  0.036       NaN    NaN       NaN    NaN
  2021     8     0.923  0.091     0.878  0.047     1.005  0.036       NaN    NaN       NaN    NaN
  2021     9     0.945  0.099     0.897  0.049     1.008  0.036       NaN    NaN       NaN    NaN
  2021    10     1.048  0.079     0.901  0.051     1.012  0.035       NaN    NaN       NaN    NaN
  2021    11     0.927  0.054     0.902  0.047     1.016  0.036       NaN    NaN       NaN    NaN
  2021    12     0.858  0.046     0.915  0.048     1.022  0.036       NaN    NaN       NaN    NaN
  2022     1     0.877  0.043     0.920  0.045     1.027  0.036       NaN    NaN       NaN    NaN
  2022     2     0.836  0.062     0.920  0.043     1.033  0.036       NaN    NaN       NaN    NaN
  2022     3     1.003  0.056     0.918  0.041     1.040  0.037       NaN    NaN       NaN    NaN
  2022     4     0.859  0.054     0.919  0.040     1.045  0.038       NaN    NaN       NaN    NaN
  2022     5     0.838  0.053     0.903  0.043     1.051  0.038       NaN    NaN       NaN    NaN
  2022     6     0.983  0.055     0.907  0.043     1.054  0.039       NaN    NaN       NaN    NaN
  2022     7     0.941  0.057     0.906  0.043     1.058  0.039       NaN    NaN       NaN    NaN
  2022     8     0.930  0.086     0.914  0.042     1.059  0.040       NaN    NaN       NaN    NaN
  2022     9     0.914  0.059     0.930  0.041     1.062  0.040       NaN    NaN       NaN    NaN
  2022    10     1.057  0.078     0.945  0.041     1.063  0.041       NaN    NaN       NaN    NaN
  2022    11     0.741  0.087     0.958  0.040     1.064  0.041       NaN    NaN       NaN    NaN
  2022    12     0.898  0.063     0.973  0.039     1.066  0.041       NaN    NaN       NaN    NaN
  2023     1     0.874  0.071     1.006  0.039     1.067  0.041       NaN    NaN       NaN    NaN
  2023     2     0.935  0.039     1.040  0.037     1.071  0.041       NaN    NaN       NaN    NaN
  2023     3     1.193  0.034     1.087  0.040     1.076  0.040       NaN    NaN       NaN    NaN
  2023     4     1.035  0.077     1.117  0.044     1.081  0.040       NaN    NaN       NaN    NaN
  2023     5     0.991  0.047     1.173  0.044     1.083  0.041       NaN    NaN       NaN    NaN
  2023     6     1.169  0.057     1.215  0.043     1.087  0.041       NaN    NaN       NaN    NaN
  2023     7     1.333  0.068     1.246  0.044     1.093  0.042       NaN    NaN       NaN    NaN
  2023     8     1.338  0.069     1.283  0.044     1.103  0.042       NaN    NaN       NaN    NaN
  2023     9     1.483  0.094     1.291  0.043     1.110  0.043       NaN    NaN       NaN    NaN
  2023    10     1.415  0.097     1.310  0.042     1.116  0.044       NaN    NaN       NaN    NaN
  2023    11     1.417  0.082     1.325  0.047       NaN    NaN       NaN    NaN       NaN    NaN
  2023    12     1.400  0.054     1.330  0.048       NaN    NaN       NaN    NaN       NaN    NaN
  2024     1     1.250  0.064     1.322  0.048       NaN    NaN       NaN    NaN       NaN    NaN
  2024     2     1.378  0.059     1.319  0.050       NaN    NaN       NaN    NaN       NaN    NaN
  2024     3     1.280  0.057     1.302  0.049       NaN    NaN       NaN    NaN       NaN    NaN
  2024     4     1.272  0.058     1.298  0.049       NaN    NaN       NaN    NaN       NaN    NaN
  2024     5     1.162  0.075     1.292  0.048       NaN    NaN       NaN    NaN       NaN    NaN
  2024     6     1.239  0.062     1.283  0.048       NaN    NaN       NaN    NaN       NaN    NaN
  2024     7     1.234  0.055     1.291  0.047       NaN    NaN       NaN    NaN       NaN    NaN
  2024     8     1.293  0.102     1.281  0.048       NaN    NaN       NaN    NaN       NaN    NaN
  2024     9     1.285  0.070     1.281  0.051       NaN    NaN       NaN    NaN       NaN    NaN
  2024    10     1.370  0.086     1.275  0.053       NaN    NaN       NaN    NaN       NaN    NaN
  2024    11     1.346  0.082     1.266  0.052       NaN    NaN       NaN    NaN       NaN    NaN
  2024    12     1.288  0.098     1.250  0.050       NaN    NaN       NaN    NaN       NaN    NaN
  2025     1     1.352  0.052     1.233  0.052       NaN    NaN       NaN    NaN       NaN    NaN
  2025     2     1.257  0.062     1.219  0.048       NaN    NaN       NaN    NaN       NaN    NaN
  2025     3     1.274  0.063     1.215  0.048       NaN    NaN       NaN    NaN       NaN    NaN
  2025     4     1.195  0.058     1.204  0.047       NaN    NaN       NaN    NaN       NaN    NaN
  2025     5     1.063  0.070     1.192  0.046       NaN    NaN       NaN    NaN       NaN    NaN
  2025     6     1.045  0.041     1.176  0.047       NaN    NaN       NaN    NaN       NaN    NaN
  2025     7     1.023  0.068     1.159  0.051       NaN    NaN       NaN    NaN       NaN    NaN
  2025     8     1.129  0.069     1.156  0.051       NaN    NaN       NaN    NaN       NaN    NaN
  2025     9     1.236  0.077     1.153  0.055       NaN    NaN       NaN    NaN       NaN    NaN
  2025    10     1.234  0.072     1.148  0.058       NaN    NaN       NaN    NaN       NaN    NaN
  2025    11     1.210  0.078       NaN    NaN       NaN    NaN       NaN    NaN       NaN    NaN
  2025    12     1.093  0.084       NaN    NaN       NaN    NaN       NaN    NaN       NaN    NaN
  2026     1     1.147  0.099       NaN    NaN       NaN    NaN       NaN    NaN       NaN    NaN
  2026     2     1.224  0.065       NaN    NaN       NaN    NaN       NaN    NaN       NaN    NaN
  2026     3     1.232  0.101       NaN    NaN       NaN    NaN       NaN    NaN       NaN    NaN
  2026     4     1.145  0.106       NaN    NaN       NaN    NaN       NaN    NaN       NaN    NaN
